{"name":"9bfd6da6-8394-44d1-b26f-0b807cae059f","id":"/providers/Microsoft.Flow/flows/9bfd6da6-8394-44d1-b26f-0b807cae059f","type":"Microsoft.Flow/flows","properties":{"apiId":"/providers/Microsoft.PowerApps/apis/shared_logicflows","displayName":"Rock and Roll Analyzing !","definition":{"$schema":"https://schema.management.azure.com/providers/Microsoft.Logic/schemas/2016-06-01/workflowdefinition.json#","contentVersion":"1.0.0.0","parameters":{"$connections":{"defaultValue":{},"type":"Object"},"$authentication":{"defaultValue":{},"type":"SecureObject"},"odb.folderPath":{"defaultValue":"","type":"String"}},"triggers":{"manual":{"type":"Request","kind":"Http","inputs":{"schema":{"type":"object","properties":{"filePath":{"type":"string"},"fileUrl":{"type":"string"}}}}}},"actions":{"Get_file_metadata_using_path":{"runAfter":{},"metadata":{"flowSystemMetadata":{"swaggerOperationId":"GetFileMetadataByPath"}},"type":"ApiConnection","inputs":{"host":{"api":{"runtimeUrl":"https://msmanaged-na.azure-apim.net/apim/onedriveforbusiness"},"connection":{"name":"@parameters('$connections')['shared_onedriveforbusiness']['connectionId']"}},"method":"get","path":"/datasets/default/GetFileByPath","queries":{"path":"@{triggerBody()?['filePath']}"},"authentication":"@parameters('$authentication')"}},"Get_file_content":{"runAfter":{"Get_file_metadata_using_path":["Succeeded"]},"metadata":{"flowSystemMetadata":{"swaggerOperationId":"GetFileContent"}},"type":"ApiConnection","inputs":{"host":{"api":{"runtimeUrl":"https://msmanaged-na.azure-apim.net/apim/onedriveforbusiness"},"connection":{"name":"@parameters('$connections')['shared_onedriveforbusiness']['connectionId']"}},"method":"get","path":"/datasets/default/files/@{encodeURIComponent(encodeURIComponent(body('Get_file_metadata_using_path')?['FileLocator']))}/content","queries":{"inferContentType":true},"authentication":"@parameters('$authentication')"}},"Analyze_Image":{"runAfter":{"Get_file_content":["Succeeded"]},"metadata":{"flowSystemMetadata":{"swaggerOperationId":"AnalyzeImage"}},"type":"ApiConnection","inputs":{"host":{"api":{"runtimeUrl":"https://msmanaged-na.azure-apim.net/apim/cognitiveservicescomputervision"},"connection":{"name":"@parameters('$connections')['shared_cognitiveservicescomputervision']['connectionId']"}},"method":"post","body":"@body('Get_file_content')","path":"/vision/v1.0/analyze","queries":{"format":"Image Content","visualFeatures":"Tags,Description,Categories"},"authentication":"@parameters('$authentication')"}},"Create_HTML_table":{"runAfter":{"Analyze_Image":["Succeeded"]},"type":"Table","inputs":{"from":"@body('Analyze_Image')?['description']['captions']","format":"HTML","columns":[{"value":"@item()['confidence']"},{"value":"@item()['text']"}]}},"Send_an_email":{"runAfter":{"Create_HTML_table":["Succeeded"]},"metadata":{"flowSystemMetadata":{"swaggerOperationId":"SendEmail"}},"type":"ApiConnection","inputs":{"host":{"api":{"runtimeUrl":"https://msmanaged-na.azure-apim.net/apim/office365"},"connection":{"name":"@parameters('$connections')['shared_office365']['connectionId']"}},"method":"post","body":{"To":"Marie.Jacobs@avanadempn.onmicrosoft.com;","Subject":"@body('Get_file_metadata_using_path')?['DisplayName']","Body":"@body('Create_HTML_table')","IsHtml":true},"path":"/Mail","authentication":"@parameters('$authentication')"}}},"outputs":{},"description":"Define a custom action to happen for a selected file in OneDrive for Business. It could be sending an email, copying the item to a folder or web service, or something else. You decide!"},"connectionReferences":{"shared_onedriveforbusiness":{"connectionName":"29bc310b-35cf-418f-b545-d16a-7ebe1970","source":"Embedded","id":"/providers/Microsoft.PowerApps/apis/shared_onedriveforbusiness","tier":"NotSpecified"},"shared_cognitiveservicescomputervision":{"connectionName":"shared-cognitiveserv-3a66e24b-7ff6-4970-90c5-59cf26930720","source":"Embedded","id":"/providers/Microsoft.PowerApps/apis/shared_cognitiveservicescomputervision","tier":"NotSpecified"},"shared_office365":{"connectionName":"e94bf413-20ec-4fb0-8b22-a882-836371ec","source":"Embedded","id":"/providers/Microsoft.PowerApps/apis/shared_office365","tier":"NotSpecified"}},"flowFailureAlertSubscribed":false}}