timestamp,value
2014-03-07 3:41,45.868
2014-03-07 3:46,47.606
2014-03-07 3:51,42.58
2014-03-07 3:56,46.03
2014-03-07 4:01,44.992
2014-03-07 4:06,45.238
2014-03-07 4:11,45.752
2014-03-07 4:16,46.476
2014-03-07 4:21,42.752
2014-03-07 4:26,46.156
2014-03-07 4:31,43.35
2014-03-07 4:36,46.292
2014-03-07 4:41,43.428
2014-03-07 4:46,46.314
2014-03-07 4:51,43.688
2014-03-07 4:56,45.4
2014-03-07 5:01,45.858
2014-03-07 5:06,43.138
2014-03-07 5:11,46.024
2014-03-07 5:16,46.502
2014-03-07 5:21,42.606
2014-03-07 5:26,45.47
2014-03-07 5:31,42.652
2014-03-07 5:36,46.48
2014-03-07 5:41,45.47
2014-03-07 5:46,44.882
2014-03-07 5:51,42.502
2014-03-07 5:56,46.104
2014-03-07 6:01,43.884
2014-03-07 6:06,43.944
2014-03-07 6:11,46.056
2014-03-07 6:16,45.658
2014-03-07 6:21,43.662
2014-03-07 6:26,44.074
2014-03-07 6:31,42.91
2014-03-07 6:36,44.32
2014-03-07 6:41,44.718
2014-03-07 6:46,45.658
2014-03-07 6:51,42.63
2014-03-07 6:56,46.478
2014-03-07 7:01,46.432
2014-03-07 7:06,41.766
2014-03-07 7:11,47.008
2014-03-07 7:16,44.946
2014-03-07 7:21,42.112
2014-03-07 7:26,43.85
2014-03-07 7:31,43.78
2014-03-07 7:36,46.11
2014-03-07 7:41,43.662
2014-03-07 7:46,46.808
2014-03-07 7:51,40.586
2014-03-07 7:56,45.87
2014-03-07 8:01,43.618
2014-03-07 8:06,43.638
2014-03-07 8:11,48.412
2014-03-07 8:16,40.61
2014-03-07 8:21,43.402
2014-03-07 8:26,42.324
2014-03-07 8:31,44.564
2014-03-07 8:36,42.858
2014-03-07 8:41,45.638
2014-03-07 8:46,44.32
2014-03-07 8:51,40.916
2014-03-07 8:56,45.586
2014-03-07 9:01,43.696
2014-03-07 9:06,43.908
2014-03-07 9:11,47.042
2014-03-07 9:16,43.498
2014-03-07 9:21,43.772
2014-03-07 9:26,42.642
2014-03-07 9:31,44.194
2014-03-07 9:36,45.634
2014-03-07 9:41,43.17
2014-03-07 9:46,43.732
2014-03-07 9:51,43.498
2014-03-07 9:56,45.492
2014-03-07 10:01,44.742
2014-03-07 10:06,43.216
2014-03-07 10:11,45.848
2014-03-07 10:16,42.824
2014-03-07 10:21,42.23
2014-03-07 10:26,42.442
2014-03-07 10:31,43.474
2014-03-07 10:36,46.666
2014-03-07 10:41,40.97
2014-03-07 10:46,43.732
2014-03-07 10:51,45.164
2014-03-07 10:56,44.782
2014-03-07 11:01,44.084
2014-03-07 11:06,44.968
2014-03-07 11:11,46.104
2014-03-07 11:16,43.688
2014-03-07 11:21,42.332
2014-03-07 11:26,43.756
2014-03-07 11:31,43.708
2014-03-07 11:36,45.498
2014-03-07 11:41,45.774
2014-03-07 11:46,42.31
2014-03-07 11:51,46.682
2014-03-07 11:56,43.498
2014-03-07 12:01,44.096
2014-03-07 12:06,44.022
2014-03-07 12:11,47.572
2014-03-07 12:16,42.258
2014-03-07 12:21,44.202
2014-03-07 12:26,44.32
2014-03-07 12:31,44.014
2014-03-07 12:36,44.984
2014-03-07 12:41,45.59
2014-03-07 12:46,40.69
2014-03-07 12:51,44.176
2014-03-07 12:56,46.264
2014-03-07 13:01,44.108
2014-03-07 13:06,45.586
2014-03-07 13:11,44.9
2014-03-07 13:16,43.586
2014-03-07 13:21,43.556
2014-03-07 13:26,45.774
2014-03-07 13:31,43.122
2014-03-07 13:36,44.836
2014-03-07 13:41,47.37
2014-03-07 13:46,42.03
2014-03-07 13:51,45.61
2014-03-07 13:56,44.962
2014-03-07 14:01,44.812
2014-03-07 14:06,45.634
2014-03-07 14:11,44.516
2014-03-07 14:16,45.164
2014-03-07 14:21,43.568
2014-03-07 14:26,45.216
2014-03-07 14:31,42.888
2014-03-07 14:36,44.704
2014-03-07 14:41,46.288
2014-03-07 14:46,42.606
2014-03-07 14:51,44.622
2014-03-07 14:56,45.962
2014-03-07 15:01,46.236
2014-03-07 15:06,43.262
2014-03-07 15:11,43.942
2014-03-07 15:16,42.582
2014-03-07 15:21,43.67
2014-03-07 15:26,44.142
2014-03-07 15:31,43.79
2014-03-07 15:36,44.882
2014-03-07 15:41,48.686
2014-03-07 15:46,40.938
2014-03-07 15:51,45.586
2014-03-07 15:56,45.734
2014-03-07 16:01,44.554
2014-03-07 16:06,44.436
2014-03-07 16:11,47.676
2014-03-07 16:16,42.606
2014-03-07 16:21,45.492
2014-03-07 16:26,43.086
2014-03-07 16:31,45.306
2014-03-07 16:36,43.536
2014-03-07 16:41,45.694
2014-03-07 16:46,43.24
2014-03-07 16:51,43.122
2014-03-07 16:56,46.338
2014-03-07 17:01,45.822
2014-03-07 17:06,43.098
2014-03-07 17:11,47.746
2014-03-07 17:16,44.428
2014-03-07 17:21,42.834
2014-03-07 17:26,44.758
2014-03-07 17:31,45.892
2014-03-07 17:36,49.014
2014-03-07 17:41,43.522
2014-03-07 17:46,45.634
2014-03-07 17:51,42.544
2014-03-07 17:56,44.994
2014-03-07 18:01,47.08
2014-03-07 18:06,45.24
2014-03-07 18:11,44.084
2014-03-07 18:16,45.79
2014-03-07 18:21,43.248
2014-03-07 18:26,46.848
2014-03-07 18:31,42.864
2014-03-07 18:36,44.202
2014-03-07 18:41,45.916
2014-03-07 18:46,43.924
2014-03-07 18:51,42.992
2014-03-07 18:56,46.384
2014-03-07 19:01,45.774
2014-03-07 19:06,43.816
2014-03-07 19:11,46.69
2014-03-07 19:16,42.394
2014-03-07 19:21,44.6
2014-03-07 19:26,44.038
2014-03-07 19:31,46.126
2014-03-07 19:36,46.644
2014-03-07 19:41,42.638
2014-03-07 19:46,45.23
2014-03-07 19:51,45.986
2014-03-07 19:56,45.07
2014-03-07 20:01,44.394
2014-03-07 20:06,44.788
2014-03-07 20:11,48.874
2014-03-07 20:16,41.972
2014-03-07 20:21,45.568
2014-03-07 20:26,43.122
2014-03-07 20:31,44.202
2014-03-07 20:36,44.554
2014-03-07 20:41,44.882
2014-03-07 20:46,45.258
2014-03-07 20:51,44.366
2014-03-07 20:56,45.606
2014-03-07 21:01,44.436
2014-03-07 21:06,44.226
2014-03-07 21:11,47.476
2014-03-07 21:16,45.164
2014-03-07 21:21,42.91
2014-03-07 21:26,46.784
2014-03-07 21:31,42.54
2014-03-07 21:36,45.404
2014-03-07 21:41,46.198
2014-03-07 21:46,46.338
2014-03-07 21:51,42.536
2014-03-07 21:56,46.5
2014-03-07 22:01,45.884
2014-03-07 22:06,43.45
2014-03-07 22:11,46.252
2014-03-07 22:16,46.08
2014-03-07 22:21,42.77
2014-03-07 22:26,44.648
2014-03-07 22:31,43.366
2014-03-07 22:36,45.46
2014-03-07 22:41,44.508
2014-03-07 22:46,43.156
2014-03-07 22:51,46.432
2014-03-07 22:56,44.836
2014-03-07 23:01,44.436
2014-03-07 23:06,45
2014-03-07 23:11,47.664
2014-03-07 23:16,43.874
2014-03-07 23:21,45.624
2014-03-07 23:26,48.38
2014-03-07 23:31,41.738
2014-03-07 23:36,45.446
2014-03-07 23:41,46.644
2014-03-07 23:46,46.352
2014-03-07 23:51,45.142
2014-03-07 23:56,45.606
2014-03-08 0:01,46.39
2014-03-08 0:06,43.31
2014-03-08 0:11,48.12
2014-03-08 0:16,44.334
2014-03-08 0:21,44.794
2014-03-08 0:26,46.76
2014-03-08 0:31,45.088
2014-03-08 0:36,43.392
2014-03-08 0:41,44.882
2014-03-08 0:46,44.86
2014-03-08 0:51,45.112
2014-03-08 0:56,46.784
2014-03-08 1:01,46.996
2014-03-08 1:06,44.68
2014-03-08 1:11,45.492
2014-03-08 1:16,44.578
2014-03-08 1:21,43.36
2014-03-08 1:26,45.83
2014-03-08 1:31,44.888
2014-03-08 1:36,44.4
2014-03-08 1:41,47.558
2014-03-08 1:46,45.014
2014-03-08 1:51,43.732
2014-03-08 1:56,46.854
2014-03-08 2:01,46.244
2014-03-08 2:06,42.958
2014-03-08 2:11,46.644
2014-03-08 2:16,47.548
2014-03-08 2:21,40.658
2014-03-08 2:26,44.718
2014-03-08 2:31,46.586
2014-03-08 2:36,44.12
2014-03-08 2:41,43.802
2014-03-08 2:46,45.024
2014-03-08 2:51,46.362
2014-03-08 2:56,47.464
2014-03-08 3:01,44.068
2014-03-08 3:06,44.084
2014-03-08 3:11,46.644
2014-03-08 3:16,46.298
2014-03-08 3:21,45.29
2014-03-08 3:26,44.538
2014-03-08 3:31,45.78
2014-03-08 3:36,45.932
2014-03-08 3:41,46.096
2014-03-08 3:46,44.812
2014-03-08 3:51,47.058
2014-03-08 3:56,44.796
2014-03-08 4:01,44.578
2014-03-08 4:06,47.348
2014-03-08 4:11,42.794
2014-03-08 4:16,44.648
2014-03-08 4:21,46.596
2014-03-08 4:26,43.21
2014-03-08 4:31,45.14
2014-03-08 4:36,45.094
2014-03-08 4:41,46.312
2014-03-08 4:46,42.584
2014-03-08 4:51,47.394
2014-03-08 4:56,43.1
2014-03-08 5:01,44.448
2014-03-08 5:06,44.202
2014-03-08 5:11,46.784
2014-03-08 5:16,45.986
2014-03-08 5:21,44.508
2014-03-08 5:26,43.634
2014-03-08 5:31,42.974
2014-03-08 5:36,44.87
2014-03-08 5:41,45.714
2014-03-08 5:46,44.53
2014-03-08 5:51,47.392
2014-03-08 5:56,42.888
2014-03-08 6:01,43.78
2014-03-08 6:06,44.39
2014-03-08 6:11,46.174
2014-03-08 6:16,45.376
2014-03-08 6:21,44.32
2014-03-08 6:26,42.512
2014-03-08 6:31,45.396
2014-03-08 6:36,44.038
2014-03-08 6:41,42.406
2014-03-08 6:46,43.92
2014-03-08 6:51,46.056
2014-03-08 6:56,44.436
2014-03-08 7:01,45.078
2014-03-08 7:06,42.876
2014-03-08 7:11,47.23
2014-03-08 7:16,46.174
2014-03-08 7:21,40.798
2014-03-08 7:26,44.1
2014-03-08 7:31,43.788
2014-03-08 7:36,44.742
2014-03-08 7:41,44.938
2014-03-08 7:46,48.366
2014-03-08 7:51,39.718
2014-03-08 7:56,45.684
2014-03-08 8:01,43.978
2014-03-08 8:06,45.094
2014-03-08 8:11,43.122
2014-03-08 8:16,45.658
2014-03-08 8:21,41.83
2014-03-08 8:26,44.836
2014-03-08 8:31,42.558
2014-03-08 8:36,44.508
2014-03-08 8:41,42.354
2014-03-08 8:46,45.366
2014-03-08 8:51,41.972
2014-03-08 8:56,45.704
2014-03-08 9:01,44.63
2014-03-08 9:06,42.042
2014-03-08 9:11,46.012
2014-03-08 9:16,45.564
2014-03-08 9:21,43.56
2014-03-08 9:26,42.184
2014-03-08 9:31,43.662
2014-03-08 9:36,45.47
2014-03-08 9:41,43.334
2014-03-08 9:46,46.198
2014-03-08 9:51,40.774
2014-03-08 9:56,45.892
2014-03-08 10:01,43.638
2014-03-08 10:06,44.906
2014-03-08 10:11,45.438
2014-03-08 10:16,44.276
2014-03-08 10:21,41.924
2014-03-08 10:26,43.334
2014-03-08 10:31,44.896
2014-03-08 10:36,42.752
2014-03-08 10:41,43.38
2014-03-08 10:46,46.384
2014-03-08 10:51,40.306
2014-03-08 10:56,45.774
2014-03-08 11:01,43.544
2014-03-08 11:06,43.756
2014-03-08 11:11,44.882
2014-03-08 11:16,47.158
2014-03-08 11:21,41.784
2014-03-08 11:26,42.458
2014-03-08 11:31,43.544
2014-03-08 11:36,44.272
2014-03-08 11:41,44.976
2014-03-08 11:46,44.86
2014-03-08 11:51,44.366
2014-03-08 11:56,44.018
2014-03-08 12:01,42.674
2014-03-08 12:06,45.328
2014-03-08 12:11,44.014
2014-03-08 12:16,45.704
2014-03-08 12:21,41.76
2014-03-08 12:26,43.468
2014-03-08 12:31,46.38
2014-03-08 12:36,41.278
2014-03-08 12:41,44.084
2014-03-08 12:46,45.422
2014-03-08 12:51,42.136
2014-03-08 12:56,46.362
2014-03-08 13:01,44.178
2014-03-08 13:06,44.32
2014-03-08 13:11,49.238
2014-03-08 13:16,41.644
2014-03-08 13:21,44.694
2014-03-08 13:26,42.864
2014-03-08 13:31,44.108
2014-03-08 13:36,44.742
2014-03-08 13:41,45.188
2014-03-08 13:46,47.464
2014-03-08 13:51,42.344
2014-03-08 13:56,44.414
2014-03-08 14:01,44.32
2014-03-08 14:06,44.272
2014-03-08 14:11,46.528
2014-03-08 14:16,45.986
2014-03-08 14:21,42.512
2014-03-08 14:26,45.61
2014-03-08 14:31,44.44
2014-03-08 14:36,42.982
2014-03-08 14:41,44.248
2014-03-08 14:46,45.846
2014-03-08 14:51,42.356
2014-03-08 14:56,46.924
2014-03-08 15:01,45.024
2014-03-08 15:06,43.076
2014-03-08 15:11,46.408
2014-03-08 15:16,47.09
2014-03-08 15:21,41.578
2014-03-08 15:26,44.272
2014-03-08 15:31,44.46
2014-03-08 15:36,45
2014-03-08 15:41,47.066
2014-03-08 15:46,46.522
2014-03-08 15:51,41.976
2014-03-08 15:56,46.666
2014-03-08 16:01,44.46
2014-03-08 16:06,45.046
2014-03-08 16:11,45.738
2014-03-08 16:16,47.926
2014-03-08 16:21,41.526
2014-03-08 16:26,44.718
2014-03-08 16:31,45.798
2014-03-08 16:36,43.098
2014-03-08 16:41,44.894
2014-03-08 16:46,45.046
2014-03-08 16:51,45.446
2014-03-08 16:56,44.174
2014-03-08 17:01,45.164
2014-03-08 17:06,44.184
2014-03-08 17:11,46.244
2014-03-08 17:16,48.098
2014-03-08 17:21,41.88
2014-03-08 17:26,45.386
2014-03-08 17:31,43.152
2014-03-08 17:36,46.538
2014-03-08 17:41,44.226
2014-03-08 17:46,44.648
2014-03-08 17:51,46.338
2014-03-08 17:56,44.928
2014-03-08 18:01,45.018
2014-03-08 18:06,47.382
2014-03-08 18:11,44.394
2014-03-08 18:16,44.866
2014-03-08 18:21,46.136
2014-03-08 18:26,43.116
2014-03-08 18:31,44.418
2014-03-08 18:36,44.86
2014-03-08 18:41,44.22
2014-03-08 18:46,45.974
2014-03-08 18:51,46.244
2014-03-08 18:56,43.638
2014-03-08 19:01,44.578
2014-03-08 19:06,44.494
2014-03-08 19:11,46.502
2014-03-08 19:16,46.15
2014-03-08 19:21,44.53
2014-03-08 19:26,44.93
2014-03-08 19:31,43.098
2014-03-08 19:36,45.234
2014-03-08 19:41,45.962
2014-03-08 19:46,43.152
2014-03-08 19:51,46.478
2014-03-08 19:56,45.188
2014-03-08 20:01,47.196
2014-03-08 20:06,41.766
2014-03-08 20:11,46.198
2014-03-08 20:16,44.414
2014-03-08 20:21,46.83
2014-03-08 20:26,43.65
2014-03-08 20:31,43.198
2014-03-08 20:36,46.314
2014-03-08 20:41,43.876
2014-03-08 20:46,47.418
2014-03-08 20:51,41.22
2014-03-08 20:56,46.5
2014-03-08 21:01,44.598
2014-03-08 21:06,44.718
2014-03-08 21:11,48.592
2014-03-08 21:16,43.816
2014-03-08 21:21,42.724
2014-03-08 21:26,44.248
2014-03-08 21:31,45.328
2014-03-08 21:36,44.442
2014-03-08 21:41,45.358
2014-03-08 21:46,47.582
2014-03-08 21:51,41.556
2014-03-08 21:56,46.878
2014-03-08 22:01,44.226
2014-03-08 22:06,44.882
2014-03-08 22:11,46.878
2014-03-08 22:16,45.822
2014-03-08 22:21,44.844
2014-03-08 22:26,43.826
2014-03-08 22:31,43.004
2014-03-08 22:36,44.93
2014-03-08 22:41,44.53
2014-03-08 22:46,47.512
2014-03-08 22:51,41.414
2014-03-08 22:56,46.572
2014-03-08 23:01,46.056
2014-03-08 23:06,43.334
2014-03-08 23:11,50.14
2014-03-08 23:16,41.23
2014-03-08 23:21,44.788
2014-03-08 23:26,44.508
2014-03-08 23:31,44.906
2014-03-08 23:36,45.54
2014-03-08 23:41,48.208
2014-03-08 23:46,42.418
2014-03-08 23:51,47.29
2014-03-08 23:56,44.188
2014-03-09 0:01,44.508
2014-03-09 0:06,44.672
2014-03-09 0:11,48.078
2014-03-09 0:16,43.08
2014-03-09 0:21,44.636
2014-03-09 0:26,45.436
2014-03-09 0:31,46.08
2014-03-09 0:36,43.78
2014-03-09 0:41,47.612
2014-03-09 0:46,41.478
2014-03-09 0:51,44.436
2014-03-09 0:56,46.948
2014-03-09 1:01,44.906
2014-03-09 1:06,46.948
2014-03-09 1:11,45.446
2014-03-09 1:16,43.052
2014-03-09 1:21,44.46
2014-03-09 1:26,44.554
2014-03-09 1:31,45.492
2014-03-09 1:36,44.648
2014-03-09 1:41,48.732
2014-03-09 1:46,41.15
2014-03-09 1:51,45.916
2014-03-09 1:56,44.038
2014-03-09 3:00,44.612
2014-03-09 3:00,43.578
2014-03-09 3:00,47.018
2014-03-09 3:00,46.456
2014-03-09 3:00,44.368
2014-03-09 3:00,43.544
2014-03-09 3:00,44.938
2014-03-09 3:00,43.834
2014-03-09 3:00,47.026
2014-03-09 3:00,42.368
2014-03-09 3:00,44.468
2014-03-09 3:00,47.09
2014-03-09 3:01,45.962
2014-03-09 3:06,44.656
2014-03-09 3:11,46.422
2014-03-09 3:16,43.38
2014-03-09 3:21,47.042
2014-03-09 3:26,46.338
2014-03-09 3:31,43.17
2014-03-09 3:36,46.744
2014-03-09 3:41,45.564
2014-03-09 3:46,42.77
2014-03-09 3:51,45.142
2014-03-09 3:56,46.15
2014-03-09 4:01,44.6
2014-03-09 4:06,46.362
2014-03-09 4:11,46.714
2014-03-09 4:16,43.228
2014-03-09 4:21,44.792
2014-03-09 4:26,44.508
2014-03-09 4:31,46.426
2014-03-09 4:36,44.628
2014-03-09 4:41,43.374
2014-03-09 4:46,45.892
2014-03-09 4:51,43.062
2014-03-09 4:56,46.526
2014-03-09 5:01,44.766
2014-03-09 5:06,46.202
2014-03-09 5:11,44.296
2014-03-09 5:16,44.954
2014-03-09 5:21,47.082
2014-03-09 5:26,41.878
2014-03-09 5:31,45.328
2014-03-09 5:36,47.042
2014-03-09 5:41,44.16
2014-03-09 5:46,45.986
2014-03-09 5:51,43.136
2014-03-09 5:56,46.292
2014-03-09 6:01,46.036
2014-03-09 6:06,44.612
2014-03-09 6:11,47.014
2014-03-09 6:16,42.722
2014-03-09 6:21,44.47
2014-03-09 6:26,44.774
2014-03-09 6:31,45.728
2014-03-09 6:36,44.756
2014-03-09 6:41,45.258
2014-03-09 6:46,42.522
2014-03-09 6:51,45.632
2014-03-09 6:56,44.996
2014-03-09 7:01,44.484
2014-03-09 7:06,44.366
2014-03-09 7:11,49.238
2014-03-09 7:16,42.822
2014-03-09 7:21,42.888
2014-03-09 7:26,44.32
2014-03-09 7:31,43.85
2014-03-09 7:36,46.66
2014-03-09 7:41,44.788
2014-03-09 7:46,44.014
2014-03-09 7:51,42.53
2014-03-09 7:56,46.268
2014-03-09 8:01,43.732
2014-03-09 8:06,46.244
2014-03-09 8:11,43.428
2014-03-09 8:16,44.248
2014-03-09 8:21,46.432
2014-03-09 8:26,41.384
2014-03-09 8:31,44.002
2014-03-09 8:36,45.518
2014-03-09 8:41,42.422
2014-03-09 8:46,43.968
2014-03-09 8:51,44.976
2014-03-09 8:56,44.66
2014-03-09 9:01,44.954
2014-03-09 9:06,44.648
2014-03-09 9:11,43.856
2014-03-09 9:16,44.154
2014-03-09 9:21,43.946
2014-03-09 9:26,43.896
2014-03-09 9:31,43.662
2014-03-09 9:36,46.68
2014-03-09 9:41,45.822
2014-03-09 9:46,41.15
2014-03-09 9:51,43.944
2014-03-09 9:56,46.032
2014-03-09 10:01,45.234
2014-03-09 10:06,43.92
2014-03-09 10:11,43.638
2014-03-09 10:16,44.836
2014-03-09 10:21,42.31
2014-03-09 10:26,45.07
2014-03-09 10:31,42.536
2014-03-09 10:36,45.47
2014-03-09 10:41,42.136
2014-03-09 10:46,45.346
2014-03-09 10:51,43.498
2014-03-09 10:56,44.46
2014-03-09 11:01,45.376
2014-03-09 11:06,42.582
2014-03-09 11:11,46.972
2014-03-09 11:16,42.618
2014-03-09 11:21,44.038
2014-03-09 11:26,46.478
2014-03-09 11:31,40.586
2014-03-09 11:36,45.422
2014-03-09 11:41,43.826
2014-03-09 11:46,43.252
2014-03-09 11:51,43.826
2014-03-09 11:56,47.136
2014-03-09 12:01,44.366
2014-03-09 12:06,43.334
2014-03-09 12:11,43.944
2014-03-09 12:16,43.802
2014-03-09 12:21,43.918
2014-03-09 12:26,44.058
2014-03-09 12:31,45.516
2014-03-09 12:36,43.262
2014-03-09 12:41,44.192
2014-03-09 12:46,43.146
2014-03-09 12:51,43.508
2014-03-09 12:56,47.828
2014-03-09 13:01,42.3
2014-03-09 13:06,44.084
2014-03-09 13:11,48
2014-03-09 13:16,41.856
2014-03-09 13:21,43.802
2014-03-09 13:26,45.64
2014-03-09 13:31,43.472
2014-03-09 13:36,43.454
2014-03-09 13:41,45.208
2014-03-09 13:46,44.32
2014-03-09 13:51,45
2014-03-09 13:56,44.986
2014-03-09 14:01,46.056
2014-03-09 14:06,42.324
2014-03-09 14:11,46.126
2014-03-09 14:16,44.574
2014-03-09 14:21,44.72
2014-03-09 14:26,43.906
2014-03-09 14:31,47.522
2014-03-09 14:36,41.056
2014-03-09 14:41,44.482
2014-03-09 14:46,44.014
2014-03-09 14:51,45.458
2014-03-09 14:56,45.356
2014-03-09 15:01,44.248
2014-03-09 15:06,46.338
2014-03-09 15:11,46.69
2014-03-09 15:16,42.066
2014-03-09 15:21,44.624
2014-03-09 15:26,44.32
2014-03-09 15:31,44.718
2014-03-09 15:36,47.3
2014-03-09 15:41,44.93
2014-03-09 15:46,44.46
2014-03-09 15:51,43.192
2014-03-09 15:56,47.864
2014-03-09 16:01,43.262
2014-03-09 16:06,44.578
2014-03-09 16:11,48.38
2014-03-09 16:16,42.864
2014-03-09 16:21,45.928
2014-03-09 16:26,43.334
2014-03-09 16:31,46.22
2014-03-09 16:36,42.958
2014-03-09 16:41,46.426
2014-03-09 16:46,43.076
2014-03-09 16:51,45.074
2014-03-09 16:56,48.24
2014-03-09 17:01,44.132
2014-03-09 17:06,44.202
2014-03-09 17:11,47.86
2014-03-09 17:16,44.634
2014-03-09 17:21,43.262
2014-03-09 17:26,44.718
2014-03-09 17:31,46.174
2014-03-09 17:36,45.352
2014-03-09 17:41,49.024
2014-03-09 17:46,41.996
2014-03-09 17:51,45.282
2014-03-09 17:56,47.042
2014-03-09 18:01,45.54
2014-03-09 18:06,47.23
2014-03-09 18:11,44.812
2014-03-09 18:16,46.666
2014-03-09 18:21,43.098
2014-03-09 18:26,45.94
2014-03-09 18:31,43.85
2014-03-09 18:36,44.578
2014-03-09 18:41,46.174
2014-03-09 18:46,45.294
2014-03-09 18:51,43.616
2014-03-09 18:56,45.752
2014-03-09 19:01,44.976
2014-03-09 19:06,44.94
2014-03-09 19:11,50.07
2014-03-09 19:16,45.966
2014-03-09 19:21,42.418
2014-03-09 19:26,44.484
2014-03-09 19:31,44.906
2014-03-09 19:36,49.014
2014-03-09 19:41,42.78
2014-03-09 19:46,44.658
2014-03-09 19:51,44.752
2014-03-09 19:56,47.606
2014-03-09 20:01,43.646
2014-03-09 20:06,48.042
2014-03-09 20:11,43.23
2014-03-09 20:16,44.812
2014-03-09 20:21,45.752
2014-03-09 20:26,43.254
2014-03-09 20:31,44.982
2014-03-09 20:36,45.944
2014-03-09 20:41,45.104
2014-03-09 20:46,43.45
2014-03-09 20:51,44.484
2014-03-09 20:56,47.958
2014-03-09 21:01,43.216
2014-03-09 21:06,46.488
2014-03-09 21:11,46.83
2014-03-09 21:16,44.366
2014-03-09 21:21,43.122
2014-03-09 21:26,44.398
2014-03-09 21:31,45.358
2014-03-09 21:36,45.66
2014-03-09 21:41,47.652
2014-03-09 21:46,43.45
2014-03-09 21:51,46.76
2014-03-09 21:56,44.672
2014-03-09 22:01,44.558
2014-03-09 22:06,44.53
2014-03-09 22:11,48.428
2014-03-09 22:16,42.888
2014-03-09 22:21,44.836
2014-03-09 22:26,46.056
2014-03-09 22:31,45.258
2014-03-09 22:36,43.262
2014-03-09 22:41,45.472
2014-03-09 22:46,46.714
2014-03-09 22:51,42.864
2014-03-09 22:56,47.348
2014-03-09 23:01,45.406
2014-03-09 23:06,47.298
2014-03-09 23:11,46.244
2014-03-09 23:16,48.568
2014-03-09 23:21,42.324
2014-03-09 23:26,46.728
2014-03-09 23:31,44.11
2014-03-09 23:36,46.238
2014-03-09 23:41,47.16
2014-03-09 23:46,46.254
2014-03-09 23:51,46.08
2014-03-09 23:56,45.376
2014-03-10 0:01,45.68
2014-03-10 0:06,47.06
2014-03-10 0:11,46.306
2014-03-10 0:16,44.202
2014-03-10 0:21,48.616
2014-03-10 0:26,41.978
2014-03-10 0:31,45.516
2014-03-10 0:36,45.338
2014-03-10 0:41,44.998
2014-03-10 0:46,45.658
2014-03-10 0:51,46.944
2014-03-10 0:56,45.782
2014-03-10 1:01,45.704
2014-03-10 1:06,50.906
2014-03-10 1:11,46.822
2014-03-10 1:16,45.892
2014-03-10 1:21,47.184
2014-03-10 1:26,43.592
2014-03-10 1:31,45.61
2014-03-10 1:36,51.198
2014-03-10 1:41,44.694
2014-03-10 1:46,47.582
2014-03-10 1:51,47.254
2014-03-10 1:56,45.846
2014-03-10 2:01,45.892
2014-03-10 2:06,45.22
2014-03-10 2:11,48.756
2014-03-10 2:16,44.648
2014-03-10 2:21,47.348
2014-03-10 2:26,45.61
2014-03-10 2:31,42.982
2014-03-10 2:36,45.78
2014-03-10 2:41,46.194
2014-03-10 2:46,48.428
2014-03-10 2:51,42.384
2014-03-10 2:56,46.286
2014-03-10 3:01,45.728
2014-03-10 3:06,44.296
2014-03-10 3:11,49.93
2014-03-10 3:16,43.904
2014-03-10 3:21,47.574
2014-03-10 3:26,44.488
2014-03-10 3:31,45.4
2014-03-10 3:36,46.456
2014-03-10 3:41,47.794
2014-03-10 3:46,45.986
2014-03-10 3:51,44.93
2014-03-10 3:56,45.748
2014-03-10 4:01,46.292
2014-03-10 4:06,44.154
2014-03-10 4:11,48.616
2014-03-10 4:16,43.414
2014-03-10 4:21,44.062
2014-03-10 4:26,45.194
2014-03-10 4:31,45.03
2014-03-10 4:36,46.82
2014-03-10 4:41,45.324
2014-03-10 4:46,45.61
2014-03-10 4:51,42.09
2014-03-10 4:56,46.83
2014-03-10 5:01,45.4
2014-03-10 5:06,44.766
2014-03-10 5:11,48.836
2014-03-10 5:16,44.86
2014-03-10 5:21,43.99
2014-03-10 5:26,45.126
2014-03-10 5:31,46.526
2014-03-10 5:36,44.14
2014-03-10 5:41,48.188
2014-03-10 5:46,42.644
2014-03-10 5:51,45.962
2014-03-10 5:56,45.442
2014-03-10 6:01,44.672
2014-03-10 6:06,44.612
2014-03-10 6:11,48.61
2014-03-10 6:16,44.306
2014-03-10 6:21,43.848
2014-03-10 6:26,46.414
2014-03-10 6:31,43.31
2014-03-10 6:36,44.836
2014-03-10 6:41,46.74
2014-03-10 6:46,42.858
2014-03-10 6:51,44.296
2014-03-10 6:56,46.146
2014-03-10 7:01,45.938
2014-03-10 7:06,45.704
2014-03-10 7:11,45.306
2014-03-10 7:16,42.816
2014-03-10 7:21,44.062
2014-03-10 7:26,44.554
2014-03-10 7:31,43.372
2014-03-10 7:36,48.616
2014-03-10 7:41,42.488
2014-03-10 7:46,44.272
2014-03-10 7:51,44.296
2014-03-10 7:56,46.338
2014-03-10 8:01,45.846
2014-03-10 8:06,42.652
2014-03-10 8:11,47.254
2014-03-10 8:16,42.84
2014-03-10 8:21,44.436
2014-03-10 8:26,44.108
2014-03-10 8:31,44.236
2014-03-10 8:36,46.268
2014-03-10 8:41,44.39
2014-03-10 8:46,41.812
2014-03-10 8:51,45.422
2014-03-10 8:56,44.788
2014-03-10 9:01,45.938
2014-03-10 9:06,42.512
2014-03-10 9:11,45.986
2014-03-10 9:16,44.232
2014-03-10 9:21,44.414
2014-03-10 9:26,50.212
2014-03-10 9:31,38.498
2014-03-10 9:36,45.07
2014-03-10 9:41,45.816
2014-03-10 9:46,43.996
2014-03-10 9:51,46.032
2014-03-10 9:56,44.718
2014-03-10 10:01,45.422
2014-03-10 10:06,43.428
2014-03-10 10:11,48.982
2014-03-10 10:16,42.004
2014-03-10 10:21,46.5
2014-03-10 10:26,42.582
2014-03-10 10:31,44.272
2014-03-10 10:36,45.542
2014-03-10 10:41,43.272
2014-03-10 10:46,46.514
2014-03-10 10:51,42.686
2014-03-10 10:56,46.62
2014-03-10 11:01,44.32
2014-03-10 11:06,44.418
2014-03-10 11:11,47.366
2014-03-10 11:16,45.14
2014-03-10 11:21,42.794
2014-03-10 11:26,44.508
2014-03-10 11:31,44.694
2014-03-10 11:36,45.118
2014-03-10 11:41,47.7
2014-03-10 11:46,44.46
2014-03-10 11:51,42.934
2014-03-10 11:56,46.996
2014-03-10 12:01,44.508
2014-03-10 12:06,44.296
2014-03-10 12:11,48.004
2014-03-10 12:16,42.816
2014-03-10 12:21,45.774
2014-03-10 12:26,46.042
2014-03-10 12:31,42.136
2014-03-10 12:36,44.484
2014-03-10 12:41,46.67
2014-03-10 12:46,42.992
2014-03-10 12:51,45.182
2014-03-10 12:56,46.564
2014-03-10 13:01,46.338
2014-03-10 13:06,43.966
2014-03-10 13:11,49.062
2014-03-10 13:16,42.532
2014-03-10 13:21,44.624
2014-03-10 13:26,44.882
2014-03-10 13:31,45.144
2014-03-10 13:36,48.654
2014-03-10 13:41,42.63
2014-03-10 13:46,45.122
2014-03-10 13:51,44.802
2014-03-10 13:56,46.644
2014-03-10 14:01,43.876
2014-03-10 14:06,47.208
2014-03-10 14:11,46.628
2014-03-10 14:16,43.9
2014-03-10 14:21,44.648
2014-03-10 14:26,45.376
2014-03-10 14:31,46.62
2014-03-10 14:36,42.864
2014-03-10 14:41,47.582
2014-03-10 14:46,43.24
2014-03-10 14:51,43.224
2014-03-10 14:56,47.3
2014-03-10 15:01,46.572
2014-03-10 15:06,43.618
2014-03-10 15:11,46.77
2014-03-10 15:16,46.326
2014-03-10 15:21,44.99
2014-03-10 15:26,45.164
2014-03-10 15:31,49.622
2014-03-10 15:36,43.334
2014-03-10 15:41,46.432
2014-03-10 15:46,45.006
2014-03-10 15:51,45.09
2014-03-10 15:56,46.784
2014-03-10 16:01,46.948
2014-03-10 16:06,44.79
2014-03-10 16:11,45.61
2014-03-10 16:16,45.258
2014-03-10 16:21,44.586
2014-03-10 16:26,47.362
2014-03-10 16:31,45.966
2014-03-10 16:36,42.378
2014-03-10 16:41,45.54
2014-03-10 16:46,46.314
2014-03-10 16:51,43.736
2014-03-10 16:56,47.536
2014-03-10 17:01,47.84
2014-03-10 17:06,43.262
2014-03-10 17:11,47.864
2014-03-10 17:16,45.218
2014-03-10 17:21,48.858
2014-03-10 17:26,44.132
2014-03-10 17:31,44.85
2014-03-10 17:36,48.262
2014-03-10 17:41,44.788
2014-03-10 17:46,44.43
2014-03-10 17:51,45.006
2014-03-10 17:56,47.184
2014-03-10 18:01,46.666
2014-03-10 18:06,46.402
2014-03-10 18:11,46.55
2014-03-10 18:16,43.688
2014-03-10 18:21,46.744
2014-03-10 18:26,45.108
2014-03-10 18:31,45.446
2014-03-10 18:36,45.376
2014-03-10 18:41,46.596
2014-03-10 18:46,45.894
2014-03-10 18:51,43.434
2014-03-10 18:56,47.462
2014-03-10 19:01,48.072
2014-03-10 19:06,43.498
2014-03-10 19:11,48.814
2014-03-10 19:16,44.6
2014-03-10 19:21,46.572
2014-03-10 19:26,44.436
2014-03-10 19:31,46.504
2014-03-10 19:36,46.854
2014-03-10 19:41,47.018
2014-03-10 19:46,45.526
2014-03-10 19:51,48.524
2014-03-10 19:56,45.118
2014-03-10 20:01,47.208
2014-03-10 20:06,44.114
2014-03-10 20:11,48.428
2014-03-10 20:16,47.652
2014-03-10 20:21,47.816
2014-03-10 20:26,45.282
2014-03-10 20:31,46.338
2014-03-10 20:36,45.542
2014-03-10 20:41,49.954
2014-03-10 20:46,42.064
2014-03-10 20:51,47.652
2014-03-10 20:56,46.556
2014-03-10 21:01,45.752
2014-03-10 21:06,45.916
2014-03-10 21:11,47.276
2014-03-10 21:16,45.716
2014-03-10 21:21,47.006
2014-03-10 21:26,46.528
2014-03-10 21:31,46.854
2014-03-10 21:36,44.128
2014-03-10 21:41,47.018
2014-03-10 21:46,46.088
2014-03-10 21:51,45.822
2014-03-10 21:56,49.718
2014-03-10 22:01,45.258
2014-03-10 22:06,44.578
2014-03-10 22:11,47.512
2014-03-10 22:16,45.658
2014-03-10 22:21,46.996
2014-03-10 22:26,47.904
2014-03-10 22:31,44.882
2014-03-10 22:36,46.644
2014-03-10 22:41,44.624
2014-03-10 22:46,50.992
2014-03-10 22:51,47.536
2014-03-10 22:56,50.938
2014-03-10 23:01,43.874
2014-03-10 23:06,48.098
2014-03-10 23:11,48.216
2014-03-10 23:16,48.098
2014-03-10 23:21,44.93
2014-03-10 23:26,47.672
2014-03-10 23:31,44.576
2014-03-10 23:36,47.184
2014-03-10 23:41,47.276
2014-03-10 23:46,46.032
2014-03-10 23:51,47.098
2014-03-10 23:56,49.524
2014-03-11 0:01,46.032
2014-03-11 0:06,44.508
2014-03-11 0:11,48.544
2014-03-11 0:16,46.126
2014-03-11 0:21,46.22
2014-03-11 0:26,49.558
2014-03-11 0:31,44.342
2014-03-11 0:36,46.636
2014-03-11 0:41,46.974
2014-03-11 0:46,46.45
2014-03-11 0:51,46.354
2014-03-11 0:56,51.056
2014-03-11 1:01,45.836
2014-03-11 1:06,46.526
2014-03-11 1:11,47.276
2014-03-11 1:16,48.93
2014-03-11 1:21,46.996
2014-03-11 1:26,48.212
2014-03-11 1:31,45.114
2014-03-11 1:36,46.526
2014-03-11 1:41,47.512
2014-03-11 1:46,50.234
2014-03-11 1:51,41.996
2014-03-11 1:56,47.724
2014-03-11 2:01,47.866
2014-03-11 2:06,44.084
2014-03-11 2:11,48.31
2014-03-11 2:16,45.374
2014-03-11 2:21,45.54
2014-03-11 2:26,49.038
2014-03-11 2:31,45.376
2014-03-11 2:36,44.624
2014-03-11 2:41,45.516
2014-03-11 2:46,45.938
2014-03-11 2:51,47.17
2014-03-11 2:56,46.786
2014-03-11 3:01,46.924
2014-03-11 3:06,44.038
2014-03-11 3:11,50
2014-03-11 3:16,44.022
2014-03-11 3:21,46.714
2014-03-11 3:26,46.55
2014-03-11 3:31,48.802
2014-03-11 3:36,43.99
2014-03-11 3:41,47.958
2014-03-11 3:46,46.53
2014-03-11 3:51,48.756
2014-03-11 3:56,45.328
2014-03-11 4:01,48.708
2014-03-11 4:06,47.206
2014-03-11 4:11,49.39
2014-03-11 4:16,45.586
2014-03-11 4:21,47.934
2014-03-11 4:26,45.752
2014-03-11 4:31,47.888
2014-03-11 4:36,44.186
2014-03-11 4:41,46.362
2014-03-11 4:46,48.826
2014-03-11 4:51,45.658
2014-03-11 4:56,47.716
2014-03-11 5:01,48.586
2014-03-11 5:06,45.918
2014-03-11 5:11,49.17
2014-03-11 5:16,47.464
2014-03-11 5:21,48.104
2014-03-11 5:26,46.072
2014-03-11 5:31,50.846
2014-03-11 5:36,43.052
2014-03-11 5:41,47.966
2014-03-11 5:46,47.184
2014-03-11 5:51,46.478
2014-03-11 5:56,49.812
2014-03-11 6:01,46.878
2014-03-11 6:06,45.024
2014-03-11 6:11,48.1
2014-03-11 6:16,44.896
2014-03-11 6:21,48.31
2014-03-11 6:26,46.83
2014-03-11 6:31,47.09
2014-03-11 6:36,44.93
2014-03-11 6:41,46.204
2014-03-11 6:46,46.718
2014-03-11 6:51,46.652
2014-03-11 6:56,48.64
2014-03-11 7:01,48.568
2014-03-11 7:06,46.924
2014-03-11 7:11,47.91
2014-03-11 7:16,45.208
2014-03-11 7:21,47.09
2014-03-11 7:26,48.262
2014-03-11 7:31,44.624
2014-03-11 7:36,46.384
2014-03-11 7:41,50.118
2014-03-11 7:46,45.752
2014-03-11 7:51,47.066
2014-03-11 7:56,46.154
2014-03-11 8:01,49.292
2014-03-11 8:06,42.558
2014-03-11 8:11,47.276
2014-03-11 8:16,45
2014-03-11 8:21,45.968
2014-03-11 8:26,46.794
2014-03-11 8:31,47.238
2014-03-11 8:36,45.938
2014-03-11 8:41,43.736
2014-03-11 8:46,48.17
2014-03-11 8:51,42.934
2014-03-11 8:56,47.418
2014-03-11 9:01,44.982
2014-03-11 9:06,47.41
2014-03-11 9:11,46.292
2014-03-11 9:16,42.8
2014-03-11 9:21,45.234
2014-03-11 9:26,45.222
2014-03-11 9:31,45.422
2014-03-11 9:36,49.86
2014-03-11 9:41,42.7
2014-03-11 9:46,46.55
2014-03-11 9:51,43.682
2014-03-11 9:56,47.512
2014-03-11 10:01,45.622
2014-03-11 10:06,45.516
2014-03-11 10:11,48.944
2014-03-11 10:16,43.686
2014-03-11 10:21,46.738
2014-03-11 10:26,46.948
2014-03-11 10:31,42.746
2014-03-11 10:36,44.82
2014-03-11 10:41,45.862
2014-03-11 10:46,47.516
2014-03-11 10:51,43.786
2014-03-11 10:56,47.966
2014-03-11 11:01,47.16
2014-03-11 11:06,44.46
2014-03-11 11:11,47.488
2014-03-11 11:16,46.268
2014-03-11 11:21,47.254
2014-03-11 11:26,44.39
2014-03-11 11:31,45.68
2014-03-11 11:36,46.666
2014-03-11 11:41,48.236
2014-03-11 11:46,46.29
2014-03-11 11:51,43.602
2014-03-11 11:56,48.174
2014-03-11 12:01,45.47
2014-03-11 12:06,48.402
2014-03-11 12:11,45.39
2014-03-11 12:16,47.592
2014-03-11 12:21,44.494
2014-03-11 12:26,44.724
2014-03-11 12:31,45.938
2014-03-11 12:36,45.564
2014-03-11 12:41,45.4
2014-03-11 12:46,47.23
2014-03-11 12:51,46.318
2014-03-11 12:56,46.596
2014-03-11 13:01,43.99
2014-03-11 13:06,45.452
2014-03-11 13:11,47.982
2014-03-11 13:16,47.91
2014-03-11 13:21,44.342
2014-03-11 13:26,45.822
2014-03-11 13:31,48.686
2014-03-11 13:36,45.258
2014-03-11 13:41,49.154
2014-03-11 13:46,45.118
2014-03-11 13:51,46.948
2014-03-11 13:56,48.398
2014-03-11 14:01,45.68
2014-03-11 14:06,46.644
2014-03-11 14:11,50.422
2014-03-11 14:16,45.516
2014-03-11 14:21,47.796
2014-03-11 14:26,43.374
2014-03-11 14:31,46.746
2014-03-11 14:36,46.08
2014-03-11 14:41,47.934
2014-03-11 14:46,45.432
2014-03-11 14:51,47.418
2014-03-11 14:56,47.934
2014-03-11 15:01,48.712
2014-03-11 15:06,45.32
2014-03-11 15:11,46.134
2014-03-11 15:16,46.334
2014-03-11 15:21,49.038
2014-03-11 15:26,47.37
2014-03-11 15:31,44.342
2014-03-11 15:36,47.066
2014-03-11 15:41,51.972
2014-03-11 15:46,44.598
2014-03-11 15:51,49.518
2014-03-11 15:56,46.362
2014-03-11 16:01,47.654
2014-03-11 16:06,47.844
2014-03-11 16:11,48.814
2014-03-11 16:16,44.954
2014-03-11 16:21,45.774
2014-03-11 16:26,46.418
2014-03-11 16:31,45.886
2014-03-11 16:36,49.272
2014-03-11 16:41,48.616
2014-03-11 16:46,42.538
2014-03-11 16:51,46.526
2014-03-11 16:56,49.056
2014-03-11 17:01,48.618
2014-03-11 17:06,44.578
2014-03-11 17:11,48.404
2014-03-11 17:16,47.81
2014-03-11 17:21,44.836
2014-03-11 17:26,49.226
2014-03-11 17:31,45.4
2014-03-11 17:36,45.63
2014-03-11 17:41,48.028
2014-03-11 17:46,47.746
2014-03-11 17:51,46.774
2014-03-11 17:56,49.566
2014-03-11 18:01,48.732
2014-03-11 18:06,47.206
2014-03-11 18:11,48.088
2014-03-11 18:16,44.296
2014-03-11 18:21,47.09
2014-03-11 18:26,44.178
2014-03-11 18:31,44.946
2014-03-11 18:36,45.736
2014-03-11 18:41,42.7
2014-03-11 18:46,44.32
2014-03-11 18:51,43.926
2014-03-11 18:56,46.738
2014-03-11 19:01,47.418
2014-03-11 19:06,41.916
2014-03-11 19:11,45.07
2014-03-11 19:16,45.258
2014-03-11 19:21,44.694
2014-03-11 19:26,44.376
2014-03-11 19:31,46.164
2014-03-11 19:36,44.93
2014-03-11 19:41,45.164
2014-03-11 19:46,46.93
2014-03-11 19:51,42.018
2014-03-11 19:56,49.366
2014-03-11 20:01,43.516
2014-03-11 20:06,44.754
2014-03-11 20:11,47.632
2014-03-11 20:16,47.83
2014-03-11 20:21,44.226
2014-03-11 20:26,45.634
2014-03-11 20:31,42.63
2014-03-11 20:36,44.084
2014-03-11 20:41,44.296
2014-03-11 20:46,44.248
2014-03-11 20:51,44.766
2014-03-11 20:56,47.91
2014-03-11 21:01,44.484
2014-03-11 21:06,43.592
2014-03-11 21:11,46.044
2014-03-11 21:16,44.956
2014-03-11 21:21,46.83
2014-03-11 21:26,45.258
2014-03-11 21:31,44.648
2014-03-11 21:36,45.116
2014-03-11 21:41,47.746
2014-03-11 21:46,44.718
2014-03-11 21:51,44.648
2014-03-11 21:56,48.428
2014-03-11 22:01,47.812
2014-03-11 22:06,46.794
2014-03-11 22:11,47.184
2014-03-11 22:16,44.65
2014-03-11 22:21,44.808
2014-03-11 22:26,47.276
2014-03-11 22:31,42.7
2014-03-11 22:36,44.798
2014-03-11 22:41,46.574
2014-03-11 22:46,43.708
2014-03-11 22:51,50.046
2014-03-11 22:56,43.45
2014-03-11 23:01,45
2014-03-11 23:06,46.22
2014-03-11 23:11,46.712
2014-03-11 23:16,47.464
2014-03-11 23:21,46.338
2014-03-11 23:26,42.464
2014-03-11 23:31,45.456
2014-03-11 23:36,48.656
2014-03-11 23:41,47.16
2014-03-11 23:46,45.074
2014-03-11 23:51,45.658
2014-03-11 23:56,47.888
2014-03-12 0:01,47.794
2014-03-12 0:06,43.78
2014-03-12 0:11,49.098
2014-03-12 0:16,45.47
2014-03-12 0:21,44.486
2014-03-12 0:26,46.694
2014-03-12 0:31,44.86
2014-03-12 0:36,44.968
2014-03-12 0:41,43.288
2014-03-12 0:46,44.084
2014-03-12 0:51,44.366
2014-03-12 0:56,46.362
2014-03-12 1:01,48.004
2014-03-12 1:06,42.966
2014-03-12 1:11,49.544
2014-03-12 1:16,44.084
2014-03-12 1:21,44.272
2014-03-12 1:26,47.03
2014-03-12 1:31,44.156
2014-03-12 1:36,46.572
2014-03-12 1:41,46.338
2014-03-12 1:46,45.868
2014-03-12 1:51,43.568
2014-03-12 1:56,47.864
2014-03-12 2:01,42.018
2014-03-12 2:06,44.404
2014-03-12 2:11,45.846
2014-03-12 2:16,43.638
2014-03-12 2:21,43.826
2014-03-12 2:26,44.93
2014-03-12 2:31,44.39
2014-03-12 2:36,41.924
2014-03-12 2:41,44.178
2014-03-12 2:46,43.332
2014-03-12 2:51,45.54
2014-03-12 2:56,44.062
2014-03-12 3:01,45.586
2014-03-12 3:06,43.498
2014-03-12 3:11,43.662
2014-03-12 3:16,44.884
2014-03-12 3:21,46.22
2014-03-12 3:26,43.544
2014-03-12 3:31,43.592
2014-03-12 3:36,46.206
2014-03-12 3:41,47.3
2014-03-12 3:46,39.474
2014-03-12 3:51,44.276
2014-03-12 3:56,45.282
2014-03-12 4:01,43.77
2014-03-12 4:06,45.422
2014-03-12 4:11,43.896
2014-03-12 4:16,45.378
2014-03-12 4:21,42.09
2014-03-12 4:26,44.54
2014-03-12 4:31,42.864
2014-03-12 4:36,45.516
2014-03-12 4:41,42.288
2014-03-12 4:46,44.052
2014-03-12 4:51,45.306
2014-03-12 4:56,44.084
2014-03-12 5:01,46.056
2014-03-12 5:06,40.964
2014-03-12 5:11,46.456
2014-03-12 5:16,44.098
2014-03-12 5:21,43.262
2014-03-12 5:26,45.032
2014-03-12 5:31,43.592
2014-03-12 5:36,42.864
2014-03-12 5:41,45.568
2014-03-12 5:46,43.826
2014-03-12 5:51,46.874
2014-03-12 5:56,42.934
2014-03-12 6:01,45.704
2014-03-12 6:06,43.47
2014-03-12 6:11,44.508
2014-03-12 6:16,43.708
2014-03-12 6:21,43.686
2014-03-12 6:26,44.062
2014-03-12 6:31,44.286
2014-03-12 6:36,48.436
2014-03-12 6:41,39.414
2014-03-12 6:46,45.15
2014-03-12 6:51,42.7
2014-03-12 6:56,45.728
2014-03-12 7:01,43.85
2014-03-12 7:06,44.014
2014-03-12 7:11,47.09
2014-03-12 7:16,42.018
2014-03-12 7:21,43.864
2014-03-12 7:26,45.798
2014-03-12 7:31,41.784
2014-03-12 7:36,44.718
2014-03-12 7:41,47.126
2014-03-12 7:46,42.3
2014-03-12 7:51,43.78
2014-03-12 7:56,45.634
2014-03-12 8:01,44.956
2014-03-12 8:06,45.492
2014-03-12 8:11,44.554
2014-03-12 8:16,42.066
2014-03-12 8:21,43.732
2014-03-12 8:26,43.92
2014-03-12 8:31,44.016
2014-03-12 8:36,46.69
2014-03-12 8:41,40.422
2014-03-12 8:46,43.85
2014-03-12 8:51,46.456
2014-03-12 8:56,42.864
2014-03-12 9:01,43.568
2014-03-12 9:06,44.272
2014-03-12 9:11,49.516
2014-03-12 9:16,42.716
2014-03-12 9:21,45.586
2014-03-12 9:26,46.268
2014-03-12 9:31,44.112
2014-03-12 9:36,46.408
2014-03-12 9:41,50.6
2014-03-12 9:46,41.502
2014-03-12 9:51,42.756
2014-03-12 9:56,45.326
2014-03-12 10:01,44.784
2014-03-12 10:06,44.882
2014-03-12 10:11,47.23
2014-03-12 10:16,46.666
2014-03-12 10:21,46.198
2014-03-12 10:26,44.56
2014-03-12 10:31,42.612
2014-03-12 10:36,45.302
2014-03-12 10:41,45.752
2014-03-12 10:46,43.112
2014-03-12 10:51,45.26
2014-03-12 10:56,48.146
2014-03-12 11:01,43.45
2014-03-12 11:06,43.802
2014-03-12 11:11,48.272
2014-03-12 11:16,41.15
2014-03-12 11:21,43.85
2014-03-12 11:26,43.866
2014-03-12 11:31,45.212
2014-03-12 11:36,45.282
2014-03-12 11:41,43.474
2014-03-12 11:46,43.79
2014-03-12 11:51,43.732
2014-03-12 11:56,46.972
2014-03-12 12:01,44.414
2014-03-12 12:06,43.286
2014-03-12 12:11,44.414
2014-03-12 12:16,43.698
2014-03-12 12:21,44.126
2014-03-12 12:26,43.53
2014-03-12 12:31,45.752
2014-03-12 12:36,40.752
2014-03-12 12:41,44.062
2014-03-12 12:46,46.456
2014-03-12 12:51,41.478
2014-03-12 12:56,47.7
2014-03-12 13:01,42.058
2014-03-12 13:06,43.708
2014-03-12 13:11,45.68
2014-03-12 13:16,44.248
2014-03-12 13:21,45.072
2014-03-12 13:26,44.648
2014-03-12 13:31,42.77
2014-03-12 13:36,44.578
2014-03-12 13:41,45.234
2014-03-12 13:46,44.272
2014-03-12 13:51,43.662
2014-03-12 13:56,47.404
2014-03-12 14:01,43.798
2014-03-12 14:06,42.38
2014-03-12 14:11,45.868
2014-03-12 14:16,46.666
2014-03-12 14:21,41.032
2014-03-12 14:26,43.744
2014-03-12 14:31,46.018
2014-03-12 14:36,43.052
2014-03-12 14:41,42.442
2014-03-12 14:46,44.226
2014-03-12 14:51,44.062
2014-03-12 14:56,45.516
2014-03-12 15:01,45.982
2014-03-12 15:06,44.972
2014-03-12 15:11,42.746
2014-03-12 15:16,45.118
2014-03-12 15:21,42.608
2014-03-12 15:26,43.932
2014-03-12 15:31,45.702
2014-03-12 15:36,43.122
2014-03-12 15:41,45.328
2014-03-12 15:46,43.944
2014-03-12 15:51,43.686
2014-03-12 15:56,45.608
2014-03-12 16:01,45.188
2014-03-12 16:06,44.342
2014-03-12 16:11,43.428
2014-03-12 16:16,44.128
2014-03-12 16:21,44.256
2014-03-12 16:26,44.202
2014-03-12 16:31,44.554
2014-03-12 16:36,45.664
2014-03-12 16:41,43.112
2014-03-12 16:46,43.044
2014-03-12 16:51,47.236
2014-03-12 16:56,44.108
2014-03-12 17:01,44.248
2014-03-12 17:06,45.376
2014-03-12 17:11,43.976
2014-03-12 17:16,46.606
2014-03-12 17:21,43.028
2014-03-12 17:26,43.824
2014-03-12 17:31,45.892
2014-03-12 17:36,43.026
2014-03-12 17:41,45.352
2014-03-12 17:46,44.038
2014-03-12 17:51,43.896
2014-03-12 17:56,46.982
2014-03-12 18:01,44.72
2014-03-12 18:06,42.144
2014-03-12 18:11,45.67
2014-03-12 18:16,43.708
2014-03-12 18:21,44.086
2014-03-12 18:26,43.84
2014-03-12 18:31,47.664
2014-03-12 18:36,43.378
2014-03-12 18:41,39.436
2014-03-12 18:46,44.244
2014-03-12 18:51,43.912
2014-03-12 18:56,46.06
2014-03-12 19:01,46.056
2014-03-12 19:06,42.176
2014-03-12 19:11,46.808
2014-03-12 19:16,42.878
2014-03-12 19:21,44.342
2014-03-12 19:26,43.968
2014-03-12 19:31,46.01
2014-03-12 19:36,43.474
2014-03-12 19:41,45.306
2014-03-12 19:46,45.328
2014-03-12 19:51,42.724
2014-03-12 19:56,45.212
2014-03-12 20:01,45.564
2014-03-12 20:06,42.16
2014-03-12 20:11,46.784
2014-03-12 20:16,46.55
2014-03-12 20:21,43.17
2014-03-12 20:26,48.874
2014-03-12 20:31,41.69
2014-03-12 20:36,44.426
2014-03-12 20:41,44.694
2014-03-12 20:46,46.572
2014-03-12 20:51,44.694
2014-03-12 20:56,46.83
2014-03-12 21:01,45.306
2014-03-12 21:06,45.986
2014-03-12 21:11,42.386
2014-03-12 21:16,45.674
2014-03-12 21:21,44.178
2014-03-12 21:26,44.114
2014-03-12 21:31,46.01
2014-03-12 21:36,43.474
2014-03-12 21:41,46.104
2014-03-12 21:46,45.47
2014-03-12 21:51,42.724
2014-03-12 21:56,46.974
2014-03-12 22:01,48.204
2014-03-12 22:06,42.558
2014-03-12 22:11,45.774
2014-03-12 22:16,45.07
2014-03-12 22:21,45.042
2014-03-12 22:26,41.598
2014-03-12 22:31,46.024
2014-03-12 22:36,42.782
2014-03-12 22:41,44.86
2014-03-12 22:46,45.868
2014-03-12 22:51,41.784
2014-03-12 22:56,45.724
2014-03-12 23:01,46.902
2014-03-12 23:06,40.846
2014-03-12 23:11,45.658
2014-03-12 23:16,44.132
2014-03-12 23:21,43.98
2014-03-12 23:26,43.92
2014-03-12 23:31,43.896
2014-03-12 23:36,48.6
2014-03-12 23:41,41.738
2014-03-12 23:46,44.93
2014-03-12 23:51,42.724
2014-03-12 23:56,45.41
2014-03-13 0:01,43.802
2014-03-13 0:06,44.344
2014-03-13 0:11,47.442
2014-03-13 0:16,40.762
2014-03-13 0:21,44.366
2014-03-13 0:26,48.146
2014-03-13 0:31,40.686
2014-03-13 0:36,43.968
2014-03-13 0:41,43.944
2014-03-13 0:46,45.782
2014-03-13 0:51,41.924
2014-03-13 0:56,45.774
2014-03-13 1:01,44.272
2014-03-13 1:06,45.094
2014-03-13 1:11,46.986
2014-03-13 1:16,43.146
2014-03-13 1:21,42.018
2014-03-13 1:26,43.91
2014-03-13 1:31,43.318
2014-03-13 1:36,44.436
2014-03-13 1:41,45.07
2014-03-13 1:46,47.154
2014-03-13 1:51,40.742
2014-03-13 1:56,46.016
2014-03-13 2:01,46.606
2014-03-13 2:06,41.432
2014-03-13 2:11,45.048
2014-03-13 2:16,45.492
2014-03-13 2:21,41.644
2014-03-13 2:26,44.882
2014-03-13 2:31,42.456
2014-03-13 2:36,43.918
2014-03-13 2:41,43.586
2014-03-13 2:46,45.702
2014-03-13 2:51,44.498
2014-03-13 2:56,42.84
2014-03-13 3:01,43.78
2014-03-13 3:06,47.128
2014-03-13 3:11,43.94
2014-03-13 3:16,45.556
2014-03-13 3:21,41.854
2014-03-13 3:26,43.944
2014-03-13 3:31,43.708
2014-03-13 3:36,45.846
2014-03-13 3:41,46.572
2014-03-13 3:46,44.686
2014-03-13 3:51,41.878
2014-03-13 3:56,45.658
2014-03-13 4:01,43.878
2014-03-13 4:06,43.85
2014-03-13 4:11,45.256
2014-03-13 4:16,45.822
2014-03-13 4:21,43.404
2014-03-13 4:26,45.352
2014-03-13 4:31,41.06
2014-03-13 4:36,43.944
2014-03-13 4:41,43.874
2014-03-13 4:46,45.728
2014-03-13 4:51,41.95
2014-03-13 4:56,45.22
2014-03-13 5:01,45.496
2014-03-13 5:06,42.89
2014-03-13 5:11,45.306
2014-03-13 5:16,45
2014-03-13 5:21,44.648
2014-03-13 5:26,42.376
2014-03-13 5:31,43.92
2014-03-13 5:36,44.474
2014-03-13 5:41,46.738
2014-03-13 5:46,42.69
2014-03-13 5:51,45.152
2014-03-13 5:56,44.084
2014-03-13 6:01,44.154
2014-03-13 6:06,46.924
2014-03-13 6:11,42.792
2014-03-13 6:16,45.134
2014-03-13 6:21,42.382
2014-03-13 6:26,45.68
2014-03-13 6:31,41.948
2014-03-13 6:36,44.178
2014-03-13 6:41,43.526
2014-03-13 6:46,43.944
2014-03-13 6:51,47.344
2014-03-13 6:56,43.594
2014-03-13 7:01,42.418
2014-03-13 7:06,44.084
2014-03-13 7:11,45.658
2014-03-13 7:16,44.096
2014-03-13 7:21,44.128
2014-03-13 7:26,43.592
2014-03-13 7:31,44.888
2014-03-13 7:36,45.376
2014-03-13 7:41,44.248
2014-03-13 7:46,41.502
2014-03-13 7:51,43.598
2014-03-13 7:56,45.416
2014-03-13 8:01,44.32
2014-03-13 8:06,43.944
2014-03-13 8:11,48.428
2014-03-13 8:16,40.492
2014-03-13 8:21,43.874
2014-03-13 8:26,43.85
2014-03-13 8:31,46.22
2014-03-13 8:36,41.55
2014-03-13 8:41,45.306
2014-03-13 8:46,42.206
2014-03-13 8:51,44.836
2014-03-13 8:56,44.31
2014-03-13 9:01,44.23
2014-03-13 9:06,44.108
2014-03-13 9:11,45.938
2014-03-13 9:16,45.024
2014-03-13 9:21,40.932
2014-03-13 9:26,43.756
2014-03-13 9:31,44.954
2014-03-13 9:36,43.642
2014-03-13 9:41,47.276
2014-03-13 9:46,42.17
2014-03-13 9:51,44.086
2014-03-13 9:56,45.212
2014-03-13 10:01,46.478
2014-03-13 10:06,41.244
2014-03-13 10:11,47.09
2014-03-13 10:16,43.028
2014-03-13 10:21,42.558
2014-03-13 10:26,43.92
2014-03-13 10:31,43.716
2014-03-13 10:36,43.616
2014-03-13 10:41,45.798
2014-03-13 10:46,44.64
2014-03-13 10:51,42.348
2014-03-13 10:56,43.964
2014-03-13 11:01,44.71
2014-03-13 11:06,43.826
2014-03-13 11:11,47.09
2014-03-13 11:16,42.23
2014-03-13 11:21,44.202
2014-03-13 11:26,43.686
2014-03-13 11:31,47.62
2014-03-13 11:36,40.564
2014-03-13 11:41,45.598
2014-03-13 11:46,44.054
2014-03-13 11:51,45.54
2014-03-13 11:56,43.826
2014-03-13 12:01,43.756
2014-03-13 12:06,45.142
2014-03-13 12:11,44.226
2014-03-13 12:16,46.498
2014-03-13 12:21,42.958
2014-03-13 12:26,41.972
2014-03-13 12:31,43.802
2014-03-13 12:36,43.85
2014-03-13 12:41,43.85
2014-03-13 12:46,45.024
2014-03-13 12:51,44.36
2014-03-13 12:56,44.376
2014-03-13 13:01,43.99
2014-03-13 13:06,45.516
2014-03-13 13:11,43.616
2014-03-13 13:16,44.366
2014-03-13 13:21,45.616
2014-03-13 13:26,43.436
2014-03-13 13:31,42.442
2014-03-13 13:36,44.9
2014-03-13 13:41,45.586
2014-03-13 13:46,44.062
2014-03-13 13:51,45.68
2014-03-13 13:56,43.624
2014-03-13 14:01,44.4
2014-03-13 14:06,42.724
2014-03-13 14:11,45.61
2014-03-13 14:16,45.47
2014-03-13 14:21,41.76
2014-03-13 14:26,44.366
2014-03-13 14:31,43.944
2014-03-13 14:36,44.882
2014-03-13 14:41,42.7
2014-03-13 14:46,48.438
2014-03-13 14:51,39.612
2014-03-13 14:56,45.752
2014-03-13 15:01,44.108
2014-03-13 15:06,44.146
2014-03-13 15:11,46.96
2014-03-13 15:16,44.342
2014-03-13 15:21,41.972
2014-03-13 15:26,44.014
2014-03-13 15:31,43.708
2014-03-13 15:36,44.724
2014-03-13 15:41,44.624
2014-03-13 15:46,45.846
2014-03-13 15:51,43.348
2014-03-13 15:56,45.14
2014-03-13 16:01,45.118
2014-03-13 16:06,45.164
2014-03-13 16:11,48.662
2014-03-13 16:16,43.356
2014-03-13 16:21,47.112
2014-03-13 16:26,44.342
2014-03-13 16:31,43.522
2014-03-13 16:36,44.43
2014-03-13 16:41,46.878
2014-03-13 16:46,43.122
2014-03-13 16:51,44.53
2014-03-13 16:56,45.564
2014-03-13 17:01,45.258
2014-03-13 17:06,45.258
2014-03-13 17:11,45.068
2014-03-13 17:16,43.874
2014-03-13 17:21,45.798
2014-03-13 17:26,45.704
2014-03-13 17:31,45.502
2014-03-13 17:36,49.624
2014-03-13 17:41,43.428
2014-03-13 17:46,45.742
2014-03-13 17:51,48.052
2014-03-13 17:56,44.506
2014-03-13 18:01,45.61
2014-03-13 18:06,46.066
2014-03-13 18:11,50.376
2014-03-13 18:16,42.452
2014-03-13 18:21,46.858
2014-03-13 18:26,45.422
2014-03-13 18:31,45.446
2014-03-13 18:36,48.31
2014-03-13 18:41,45.03
2014-03-13 18:46,46.092
2014-03-13 18:51,44.976
2014-03-13 18:56,47.64
2014-03-13 19:01,46.282
2014-03-13 19:06,46.04
2014-03-13 19:11,49.518
2014-03-13 19:16,44.046
2014-03-13 19:21,48.416
2014-03-13 19:26,43.216
2014-03-13 19:31,45.798
2014-03-13 19:36,46.45
2014-03-13 19:41,48.944
2014-03-13 19:46,43.99
2014-03-13 19:51,45.846
2014-03-13 19:56,47.69
2014-03-13 20:01,46.978
2014-03-13 20:06,47.184
2014-03-13 20:11,44.672
2014-03-13 20:16,45.868
2014-03-13 20:21,45.26
2014-03-13 20:26,45.728
2014-03-13 20:31,47.16
2014-03-13 20:36,44.93
2014-03-13 20:41,44.976
2014-03-13 20:46,45.604
2014-03-13 20:51,48.004
2014-03-13 20:56,44.062
2014-03-13 21:01,46.548
2014-03-13 21:06,43.968
2014-03-13 21:11,48.732
2014-03-13 21:16,47.794
2014-03-13 21:21,43.944
2014-03-13 21:26,46.182
2014-03-13 21:31,47.648
2014-03-13 21:36,44.824
2014-03-13 21:41,47.512
2014-03-13 21:46,45.666
2014-03-13 21:51,47.336
2014-03-13 21:56,46.482
2014-03-13 22:01,49.254
2014-03-13 22:06,44.21
2014-03-13 22:11,47.898
2014-03-13 22:16,46.33
2014-03-13 22:21,47.7
2014-03-13 22:26,44.742
2014-03-13 22:31,48.592
2014-03-13 22:36,44.6
2014-03-13 22:41,44.062
2014-03-13 22:46,46.408
2014-03-13 22:51,45.634
2014-03-13 22:56,49.436
2014-03-13 23:01,44.6
2014-03-13 23:06,48.052
2014-03-13 23:11,45.728
2014-03-13 23:16,47.324
2014-03-13 23:21,44.954
2014-03-13 23:26,45.704
2014-03-13 23:31,47.91
2014-03-13 23:36,42.27
2014-03-13 23:41,45.67
2014-03-13 23:46,44.226
2014-03-13 23:51,44.93
2014-03-13 23:56,46.362
2014-03-14 0:01,45.962
2014-03-14 0:06,44.984
2014-03-14 0:11,44.554
2014-03-14 0:16,44.928
2014-03-14 0:21,44.624
2014-03-14 0:26,43.708
2014-03-14 0:31,46.268
2014-03-14 0:36,42.348
2014-03-14 0:41,43.806
2014-03-14 0:46,43.896
2014-03-14 0:51,48.802
2014-03-14 0:56,42.394
2014-03-14 1:01,44.178
2014-03-14 1:06,45.75
2014-03-14 1:11,43.686
2014-03-14 1:16,44.93
2014-03-14 1:21,44.178
2014-03-14 1:26,45.306
2014-03-14 1:31,42.17
2014-03-14 1:36,48.562
2014-03-14 1:41,40.774
2014-03-14 1:46,44.296
2014-03-14 1:51,43.874
2014-03-14 1:56,45.854
2014-03-14 2:01,45.446
2014-03-14 2:06,43.192
2014-03-14 2:11,47.114
2014-03-14 2:16,42.184
2014-03-14 2:21,46.572
2014-03-14 2:26,41.408
2014-03-14 2:31,44.342
2014-03-14 2:36,45.68
2014-03-14 2:41,44.508
2014-03-14 2:46,42.136
2014-03-14 2:51,44.202
2014-03-14 2:56,46.08
2014-03-14 3:01,45
2014-03-14 3:06,47.112
2014-03-14 3:11,46.154
2014-03-14 3:16,41.268
2014-03-14 3:21,43.41
2014-03-14 3:26,44.108
2014-03-14 3:31,44.46
2014-03-14 3:36,45.104
2014-03-14 3:41,49.268
2014-03-14 3:46,42.254
2014-03-14 3:51,45.14
2014-03-14 3:56,47.16
2014-03-14 4:01,41.384
2014-03-14 4:06,44.108
2014-03-14 4:11,47.63
2014-03-14 4:16,42.254
2014-03-14 4:21,43.858
2014-03-14 4:26,43.846
2014-03-14 4:31,44.976
2014-03-14 4:36,42.746
2014-03-14 4:41,45.996
2014-03-14 4:46,42.84
2014-03-14 4:51,42.888
2014-03-14 4:56,45.586
2014-03-14 5:01,44.178
2014-03-14 5:06,45.306
2014-03-14 5:11,46.126
2014-03-14 5:16,42.726
2014-03-14 5:21,44.238
2014-03-14 5:26,44.436
2014-03-14 5:31,46.38
2014-03-14 5:36,44.508
2014-03-14 5:41,47.09
2014-03-14 5:46,45.258
2014-03-14 5:51,42.292
2014-03-14 5:56,46.032
2014-03-14 6:01,44.694
2014-03-14 6:06,44.718
2014-03-14 6:11,46.08
2014-03-14 6:16,49.976
2014-03-14 6:21,38.216
2014-03-14 6:26,44.718
2014-03-14 6:31,46.046
2014-03-14 6:36,46.184
2014-03-14 6:41,45.046
2014-03-14 6:46,44.18
2014-03-14 6:51,46.104
2014-03-14 6:56,45.34
2014-03-14 7:01,43.322
2014-03-14 7:06,47.112
2014-03-14 7:11,43.016
2014-03-14 7:16,46.292
2014-03-14 7:21,42.418
2014-03-14 7:26,43.972
2014-03-14 7:31,43.896
2014-03-14 7:36,46.15
2014-03-14 7:41,44.414
2014-03-14 7:46,45.916
2014-03-14 7:51,45.094
2014-03-14 7:56,43.24
2014-03-14 8:01,44.296
2014-03-14 8:06,44.192
2014-03-14 8:11,46.714
2014-03-14 8:16,44.508
2014-03-14 8:21,42.206
2014-03-14 8:26,43.968
2014-03-14 8:31,43.756
2014-03-14 8:36,46.384
2014-03-14 8:41,41.268
2014-03-14 8:46,45.514
2014-03-14 8:51,43.356
2014-03-14 8:56,44.508
2014-03-14 9:01,44.108
2014-03-14 9:06,30.482
2014-03-14 9:11,51.6
2014-03-14 9:16,40.61
2014-03-14 9:21,39.906
2014-03-14 9:26,44.426
2014-03-14 9:31,43.498
2014-03-14 9:36,42.888
2014-03-14 9:41,46.526
2014-03-14 9:46,43.076
2014-03-14 9:51,44.202
2014-03-14 9:56,46.854
2014-03-14 10:01,42.25
2014-03-14 10:06,43.92
2014-03-14 10:11,45.68
2014-03-14 10:16,45.14
2014-03-14 10:21,42.77
2014-03-14 10:26,45.938
2014-03-14 10:31,42.3
2014-03-14 10:36,44.42
2014-03-14 10:41,43.616
2014-03-14 10:46,43.85
2014-03-14 10:51,43.756
2014-03-14 10:56,48.99
2014-03-14 11:01,40.704
2014-03-14 11:06,44.624
2014-03-14 11:11,44.678
2014-03-14 11:16,44.624
2014-03-14 11:21,43.756
2014-03-14 11:26,45.9
2014-03-14 11:31,43.286
2014-03-14 11:36,43.31
2014-03-14 11:41,45.248
2014-03-14 11:46,44.202
2014-03-14 11:51,46.996
2014-03-14 11:56,44.788
2014-03-14 12:01,42.442
2014-03-14 12:06,44.27
2014-03-14 12:11,47.066
2014-03-14 12:16,43.122
2014-03-14 12:21,44.108
2014-03-14 12:26,45.868
2014-03-14 12:31,42.254
2014-03-14 12:36,46.722
2014-03-14 12:41,41.198
2014-03-14 12:46,44.978
2014-03-14 12:51,45.184
2014-03-14 12:56,43.732
2014-03-14 13:01,44.226
2014-03-14 13:06,42.306
2014-03-14 13:11,45.376
2014-03-14 13:16,44.356
2014-03-14 13:21,47.162
2014-03-14 13:26,43.428
2014-03-14 13:31,41.456
2014-03-14 13:36,44.618
2014-03-14 13:41,45.352
2014-03-14 13:46,46.056
2014-03-14 13:51,42.476
2014-03-14 13:56,47.16
2014-03-14 14:01,43.146
2014-03-14 14:06,44.172
2014-03-14 14:11,48.356
2014-03-14 14:16,43.24
2014-03-14 14:21,42.254
2014-03-14 14:26,43.99
2014-03-14 14:31,45.198
2014-03-14 14:36,42.676
2014-03-14 14:41,46.268
2014-03-14 14:46,41.762
2014-03-14 14:51,43.874
2014-03-14 14:56,47.184
2014-03-14 15:01,42.254
2014-03-14 15:06,47.16
2014-03-14 15:11,42.37
2014-03-14 15:16,44.72
2014-03-14 15:21,44.202
2014-03-14 15:26,44.052
2014-03-14 15:31,44.32
2014-03-14 15:36,43.568
2014-03-14 15:41,47.394
2014-03-14 15:46,40.61
2014-03-14 15:51,42.888
2014-03-14 15:56,46.174
2014-03-14 16:01,44.436
2014-03-14 16:06,45.072
2014-03-14 16:11,47.348
2014-03-14 16:16,43.176
2014-03-14 16:21,44.366
2014-03-14 16:26,48.184
2014-03-14 16:31,41.224
2014-03-14 16:36,44.906
2014-03-14 16:41,45.812
2014-03-14 16:46,42.324
2014-03-14 16:51,44.178
2014-03-14 16:56,45.924
2014-03-14 17:01,45.634
2014-03-14 17:06,42.888
2014-03-14 17:11,47.738
2014-03-14 17:16,45.258
2014-03-14 17:21,41.854
2014-03-14 17:26,46.128
2014-03-14 17:31,44.32
2014-03-14 17:36,46.212
2014-03-14 17:41,46.164
2014-03-14 17:46,42.418
2014-03-14 17:51,44.308
2014-03-14 17:56,48.414
2014-03-14 18:01,41.854
2014-03-14 18:06,46.62
2014-03-14 18:11,47.816
2014-03-14 18:16,44.724
2014-03-14 18:21,44.6
2014-03-14 18:26,42.724
2014-03-14 18:31,43.896
2014-03-14 18:36,44.062
2014-03-14 18:41,50.034
2014-03-14 18:46,36.89
2014-03-14 18:51,44.084
2014-03-14 18:56,46.19
2014-03-14 19:01,44.414
2014-03-14 19:06,44.39
2014-03-14 19:11,48.192
2014-03-14 19:16,43.688
2014-03-14 19:21,43.028
2014-03-14 19:26,44.436
2014-03-14 19:31,44.672
2014-03-14 19:36,44.622
2014-03-14 19:41,47.794
2014-03-14 19:46,43.064
2014-03-14 19:51,45.4
2014-03-14 19:56,44.624
2014-03-14 20:01,44.788
2014-03-14 20:06,44.414
2014-03-14 20:11,50.596
2014-03-14 20:16,39.986
2014-03-14 20:21,44.296
2014-03-14 20:26,45.352
2014-03-14 20:31,42.982
2014-03-14 20:36,45.118
2014-03-14 20:41,44.344
2014-03-14 20:46,45.916
2014-03-14 20:51,42.37
2014-03-14 20:56,46.854
2014-03-14 21:01,44.672
2014-03-14 21:06,43.598
2014-03-14 21:11,47.958
2014-03-14 21:16,42.746
2014-03-14 21:21,44.262
2014-03-14 21:26,44.092
2014-03-14 21:31,44.58
2014-03-14 21:36,45.046
2014-03-14 21:41,51.768
2014-03-14 21:46,38.474
2014-03-14 21:51,44.482
2014-03-14 21:56,46.01
2014-03-14 22:01,44.578
2014-03-14 22:06,44.436
2014-03-14 22:11,47.63
2014-03-14 22:16,43.756
2014-03-14 22:21,43.146
2014-03-14 22:26,47.794
2014-03-14 22:31,41.338
2014-03-14 22:36,45.864
2014-03-14 22:41,43.076
2014-03-14 22:46,45.298
2014-03-14 22:51,43.512
2014-03-14 22:56,45.854
2014-03-14 23:01,46.852
2014-03-14 23:06,45.14
2014-03-14 23:11,43.054
2014-03-14 23:16,44.508
2014-03-14 23:21,45.514
2014-03-14 23:26,42.816
2014-03-14 23:31,46.344
2014-03-14 23:36,43.852
2014-03-14 23:41,45.516
2014-03-14 23:46,44.402
2014-03-14 23:51,44.456
2014-03-14 23:56,47.136
2014-03-15 0:01,44.53
2014-03-15 0:06,44.716
2014-03-15 0:11,44.154
2014-03-15 0:16,43.906
2014-03-15 0:21,44.812
2014-03-15 0:26,44.864
2014-03-15 0:31,44.578
2014-03-15 0:36,44.998
2014-03-15 0:41,50.032
2014-03-15 0:46,41.55
2014-03-15 0:51,43.78
2014-03-15 0:56,47.066
2014-03-15 1:01,43.554
2014-03-15 1:06,44.838
2014-03-15 1:11,48.334
2014-03-15 1:16,43.122
2014-03-15 1:21,44.248
2014-03-15 1:26,45.262
2014-03-15 1:31,41.292
2014-03-15 1:36,44.686
2014-03-15 1:41,45.544
2014-03-15 1:46,46.032
2014-03-15 1:51,41.85
2014-03-15 1:56,45.986
2014-03-15 2:01,45.61
2014-03-15 2:06,42.656
2014-03-15 2:11,45.516
2014-03-15 2:16,48.686
2014-03-15 2:21,39.508
2014-03-15 2:26,42.338
2014-03-15 2:31,44.178
2014-03-15 2:36,45.306
2014-03-15 2:41,41.478
2014-03-15 2:46,43.944
2014-03-15 2:51,45.63
2014-03-15 2:56,44.154
2014-03-15 3:01,44.414
2014-03-15 3:06,46.714
2014-03-15 3:11,44.55
2014-03-15 3:16,42.974
2014-03-15 3:21,45.916
2014-03-15 3:26,42.206
2014-03-15 3:31,44.954
2014-03-15 3:36,45.492
2014-03-15 3:41,45.564
2014-03-15 3:46,47.562
2014-03-15 3:51,45.07
2014-03-15 3:56,47.066
2014-03-15 4:01,42.982
2014-03-15 4:06,44.554
2014-03-15 4:11,45.736
2014-03-15 4:16,44.084
2014-03-15 4:21,47.558
2014-03-15 4:26,41.104
2014-03-15 4:31,44.272
2014-03-15 4:36,44.414
2014-03-15 4:41,46.924
2014-03-15 4:46,42.09
2014-03-15 4:51,46.538
2014-03-15 4:56,45.752
2014-03-15 5:01,43.068
2014-03-15 5:06,44.39
2014-03-15 5:11,45.938
2014-03-15 5:16,44.896
2014-03-15 5:21,47.724
2014-03-15 5:26,39.978
2014-03-15 5:31,45.846
2014-03-15 5:36,44.262
2014-03-15 5:41,45.97
2014-03-15 5:46,44.462
2014-03-15 5:51,46.652
2014-03-15 5:56,44.322
2014-03-15 6:01,44.792
2014-03-15 6:06,48.406
2014-03-15 6:11,41.808
2014-03-15 6:16,42.818
2014-03-15 6:21,46.15
2014-03-15 6:26,42.558
2014-03-15 6:31,44.55
2014-03-15 6:36,44.464
2014-03-15 6:41,45.238
2014-03-15 6:46,44.812
2014-03-15 6:51,44.822
2014-03-15 6:56,43.45
2014-03-15 7:01,44.122
2014-03-15 7:06,44.63
2014-03-15 7:11,46.284
2014-03-15 7:16,44.366
2014-03-15 7:21,47.512
2014-03-15 7:26,40.986
2014-03-15 7:31,44.132
2014-03-15 7:36,47.63
2014-03-15 7:41,42.91
2014-03-15 7:46,45.582
2014-03-15 7:51,42.394
2014-03-15 7:56,47.394
2014-03-15 8:01,42.914
2014-03-15 8:06,44.272
2014-03-15 8:11,45.9
2014-03-15 8:16,45.986
2014-03-15 8:21,42.536
2014-03-15 8:26,46.856
2014-03-15 8:31,42.91
2014-03-15 8:36,42.934
2014-03-15 8:41,44.3
2014-03-15 8:46,46.062
2014-03-15 8:51,42.508
2014-03-15 8:56,46.042
2014-03-15 9:01,44.384
2014-03-15 9:06,45.9
2014-03-15 9:11,44.206
2014-03-15 9:16,46.362
2014-03-15 9:21,44.276
2014-03-15 9:26,42.19
2014-03-15 9:31,44.108
2014-03-15 9:36,44.712
2014-03-15 9:41,45.326
2014-03-15 9:46,45.126
2014-03-15 9:51,45
2014-03-15 9:56,44.16
2014-03-15 10:01,44.484
2014-03-15 10:06,44.624
2014-03-15 10:11,43.944
2014-03-15 10:16,43.944
2014-03-15 10:21,47.558
2014-03-15 10:26,41.292
2014-03-15 10:31,44.138
2014-03-15 10:36,44.368
2014-03-15 10:41,44.236
2014-03-15 10:46,44.46
2014-03-15 10:51,46.362
2014-03-15 10:56,46.596
2014-03-15 11:01,42.864
2014-03-15 11:06,42.84
2014-03-15 11:11,45.704
2014-03-15 11:16,44.756
2014-03-15 11:21,44.426
2014-03-15 11:26,46.032
2014-03-15 11:31,42.418
2014-03-15 11:36,46.198
2014-03-15 11:41,44.132
2014-03-15 11:46,46.878
2014-03-15 11:51,41.854
2014-03-15 11:56,47.746
2014-03-15 12:01,42.558
2014-03-15 12:06,44.43
2014-03-15 12:11,47.034
2014-03-15 12:16,41.478
2014-03-15 12:21,43.896
2014-03-15 12:26,45.962
2014-03-15 12:31,45.106
2014-03-15 12:36,41.66
2014-03-15 12:41,44.226
2014-03-15 12:46,45.306
2014-03-15 12:51,44.126
2014-03-15 12:56,44.236
2014-03-15 13:01,44.296
2014-03-15 13:06,44.296
2014-03-15 13:11,45.704
2014-03-15 13:16,46.878
2014-03-15 13:21,44.824
2014-03-15 13:26,40.962
2014-03-15 13:31,44.248
2014-03-15 13:36,44.748
2014-03-15 13:41,45.212
2014-03-15 13:46,42.538
2014-03-15 13:51,46.126
2014-03-15 13:56,45.104
2014-03-15 14:01,42.864
2014-03-15 14:06,46.362
2014-03-15 14:11,44.108
2014-03-15 14:16,44.694
2014-03-15 14:21,44.35
2014-03-15 14:26,42.666
2014-03-15 14:31,45.752
2014-03-15 14:36,43.004
2014-03-15 14:41,44.238
2014-03-15 14:46,44.384
2014-03-15 14:51,44.296
2014-03-15 14:56,50.892
2014-03-15 15:01,39.654
2014-03-15 15:06,44.46
2014-03-15 15:11,47.49
2014-03-15 15:16,43.126
2014-03-15 15:21,44.014
2014-03-15 15:26,45.916
2014-03-15 15:31,40.962
2014-03-15 15:36,44.954
2014-03-15 15:41,48.068
2014-03-15 15:46,41.612
2014-03-15 15:51,45.798
2014-03-15 15:56,44.772
2014-03-15 16:01,46.032
2014-03-15 16:06,42.816
2014-03-15 16:11,45.658
2014-03-15 16:16,44.508
2014-03-15 16:21,44.096
2014-03-15 16:26,49.86
2014-03-15 16:31,38.314
2014-03-15 16:36,44.178
2014-03-15 16:41,43.91
2014-03-15 16:46,44.776
2014-03-15 16:51,45.564
2014-03-15 16:56,48.518
2014-03-15 17:01,42.65
2014-03-15 17:06,45.752
2014-03-15 17:11,49.766
2014-03-15 17:16,48.122
2014-03-15 17:21,40.51
2014-03-15 17:26,46.876
2014-03-15 17:31,42.558
2014-03-15 17:36,44.742
2014-03-15 17:41,48.262
2014-03-15 17:46,41.55
2014-03-15 17:51,44.366
2014-03-15 17:56,48.196
2014-03-15 18:01,45.986
2014-03-15 18:06,42.934
2014-03-15 18:11,47.23
2014-03-15 18:16,44.484
2014-03-15 18:21,45.328
2014-03-15 18:26,44.86
2014-03-15 18:31,42.3
2014-03-15 18:36,44.676
2014-03-15 18:41,45.822
2014-03-15 18:46,45.234
2014-03-15 18:51,46.036
2014-03-15 18:56,45.516
2014-03-15 19:01,42.982
2014-03-15 19:06,43.968
2014-03-15 19:11,45.822
2014-03-15 19:16,44.694
2014-03-15 19:21,44.108
2014-03-15 19:26,45.916
2014-03-15 19:31,43.596
2014-03-15 19:36,43.544
2014-03-15 19:41,47.136
2014-03-15 19:46,43.052
2014-03-15 19:51,44.648
2014-03-15 19:56,47.934
2014-03-15 20:01,42.516
2014-03-15 20:06,45.774
2014-03-15 20:11,44.248
2014-03-15 20:16,44.296
2014-03-15 20:21,44.976
2014-03-15 20:26,49.272
2014-03-15 20:31,39.542
2014-03-15 20:36,44.084
2014-03-15 20:41,45.634
2014-03-15 20:46,42.982
2014-03-15 20:51,44.068
2014-03-15 20:56,48.262
2014-03-15 21:01,42.324
2014-03-15 21:06,44.214
2014-03-15 21:11,48.756
2014-03-15 21:16,41.83
2014-03-15 21:21,45.412
2014-03-15 21:26,44.646
2014-03-15 21:31,42.488
2014-03-15 21:36,44.644
2014-03-15 21:41,45.422
2014-03-15 21:46,44.248
2014-03-15 21:51,45.8
2014-03-15 21:56,49.672
2014-03-15 22:01,43.606
2014-03-15 22:06,41.934
2014-03-15 22:11,45.718
2014-03-15 22:16,44.792
2014-03-15 22:21,44.53
2014-03-15 22:26,45.876
2014-03-15 22:31,42.536
2014-03-15 22:36,44.202
2014-03-15 22:41,45.564
2014-03-15 22:46,45.024
2014-03-15 22:51,42.136
2014-03-15 22:56,45.868
2014-03-15 23:01,46.15
2014-03-15 23:06,40.838
2014-03-15 23:11,45.892
2014-03-15 23:16,44.296
2014-03-15 23:21,45.422
2014-03-15 23:26,42.864
2014-03-15 23:31,48.532
2014-03-15 23:36,40.54
2014-03-15 23:41,45.586
2014-03-15 23:46,44.414
2014-03-15 23:51,44.32
2014-03-15 23:56,46.056
2014-03-16 0:01,47.652
2014-03-16 0:06,41.244
2014-03-16 0:11,46.01
2014-03-16 0:16,47.324
2014-03-16 0:21,41.598
2014-03-16 0:26,44.178
2014-03-16 0:31,44.296
2014-03-16 0:36,45.916
2014-03-16 0:41,43.616
2014-03-16 0:46,42.892
2014-03-16 0:51,44.132
2014-03-16 0:56,46.104
2014-03-16 1:01,47.23
2014-03-16 1:06,43.356
2014-03-16 1:11,45.962
2014-03-16 1:16,46.502
2014-03-16 1:21,42.23
2014-03-16 1:26,44.766
2014-03-16 1:31,46.032
2014-03-16 1:36,45.376
2014-03-16 1:41,47.348
2014-03-16 1:46,45.118
2014-03-16 1:51,43.592
2014-03-16 1:56,44.93
2014-03-16 2:01,44.86
2014-03-16 2:06,44.85
2014-03-16 2:11,48.608
2014-03-16 2:16,42.442
2014-03-16 2:21,44.322
2014-03-16 2:26,45.976
2014-03-16 2:31,46.804
2014-03-16 2:36,41.666
2014-03-16 2:41,44.882
2014-03-16 2:46,46.924
2014-03-16 2:51,44.416
2014-03-16 2:56,47.84
2014-03-16 3:01,47.15
2014-03-16 3:06,43.754
2014-03-16 3:11,46.644
2014-03-16 3:16,46.478
2014-03-16 3:21,44.89
2014-03-16 3:26,41.666
2014-03-16 3:31,44.062
2014-03-16 3:36,46.478
2014-03-16 3:41,46.362
2014-03-16 3:46,46.198
2014-03-16 3:51,42.9
2014-03-16 3:56,46.702
2014-03-16 4:01,44.578
2014-03-16 4:06,47.29
2014-03-16 4:11,44.396
2014-03-16 4:16,43.028
2014-03-16 4:21,46.502
2014-03-16 4:26,42.724
2014-03-16 4:31,44.414
2014-03-16 4:36,44.484
2014-03-16 4:41,44.836
2014-03-16 4:46,44.436
2014-03-16 4:51,48.226
2014-03-16 4:56,45.024
2014-03-16 5:01,42.888
2014-03-16 5:06,44.836
2014-03-16 5:11,45.916
2014-03-16 5:16,44.688
2014-03-16 5:21,44.296
2014-03-16 5:26,46.174
2014-03-16 5:31,43.758
2014-03-16 5:36,43.968
2014-03-16 5:41,48.17
2014-03-16 5:46,41.576
2014-03-16 5:51,44.672
2014-03-16 5:56,48.028
2014-03-16 6:01,42.772
2014-03-16 6:06,45.774
2014-03-16 6:11,44.436
2014-03-16 6:16,44.092
2014-03-16 6:21,44.296
2014-03-16 6:26,46.572
2014-03-16 6:31,43.72
2014-03-16 6:36,42.394
2014-03-16 6:41,44.178
2014-03-16 6:46,45.74
2014-03-16 6:51,43.076
2014-03-16 6:56,46.268
2014-03-16 7:01,46.086
2014-03-16 7:06,42.582
2014-03-16 7:11,45.892
2014-03-16 7:16,45.164
2014-03-16 7:21,43.592
2014-03-16 7:26,45.516
2014-03-16 7:31,44.912
2014-03-16 7:36,43.228
2014-03-16 7:41,45.188
2014-03-16 7:46,44.098
2014-03-16 7:51,44.624
2014-03-16 7:56,46.15
2014-03-16 8:01,47.23
2014-03-16 8:06,42.16
2014-03-16 8:11,44.142
2014-03-16 8:16,43.8
2014-03-16 8:21,44.318
2014-03-16 8:26,44.296
2014-03-16 8:31,44.132
2014-03-16 8:36,45.758
2014-03-16 8:41,44.672
2014-03-16 8:46,42.418
2014-03-16 8:51,44.95
2014-03-16 8:56,44.976
2014-03-16 9:01,44.226
2014-03-16 9:06,44.202
2014-03-16 9:11,48.83
2014-03-16 9:16,39.93
2014-03-16 9:21,44.448
2014-03-16 9:26,44.494
2014-03-16 9:31,44.726
2014-03-16 9:36,46.572
2014-03-16 9:41,47.008
2014-03-16 9:46,43.058
2014-03-16 9:51,43.192
2014-03-16 9:56,45.916
2014-03-16 10:01,44.266
2014-03-16 10:06,44.226
2014-03-16 10:11,47.84
2014-03-16 10:16,42.442
2014-03-16 10:21,45.33
2014-03-16 10:26,45.024
2014-03-16 10:31,42.09
2014-03-16 10:36,44.178
2014-03-16 10:41,46.304
2014-03-16 10:46,42.536
2014-03-16 10:51,44.132
2014-03-16 10:56,46.848
2014-03-16 11:01,43.176
2014-03-16 11:06,44.6
2014-03-16 11:11,48.592
2014-03-16 11:16,43.85
2014-03-16 11:21,42.724
2014-03-16 11:26,44.252
2014-03-16 11:31,45.47
2014-03-16 11:36,42.178
2014-03-16 11:41,45.892
2014-03-16 11:46,46.104
2014-03-16 11:51,41.384
2014-03-16 11:56,45.798
2014-03-16 12:01,45.938
2014-03-16 12:06,40.564
2014-03-16 12:11,46.862
2014-03-16 12:16,44.788
2014-03-16 12:21,42.596
2014-03-16 12:26,44.5
2014-03-16 12:31,44.132
2014-03-16 12:36,44.32
2014-03-16 12:41,44.262
2014-03-16 12:46,50.71
2014-03-16 12:51,38.334
2014-03-16 12:56,45.826
2014-03-16 13:06,41.546
2014-03-16 13:11,47.404
2014-03-16 13:16,44.962
2014-03-16 13:21,47.076
2014-03-16 13:26,43.174
2014-03-16 13:31,46.388
2014-03-16 13:36,45.016
2014-03-16 13:41,48.968
2014-03-16 13:46,43.646
2014-03-16 13:51,46.066
2014-03-16 13:56,49.676
2014-03-16 14:01,43.568
2014-03-16 14:06,46.972
2014-03-16 14:11,45.634
2014-03-16 14:16,45.58
2014-03-16 14:21,45.258
2014-03-16 14:26,49.94
2014-03-16 14:31,40.962
2014-03-16 14:36,44.954
2014-03-16 14:41,43.816
2014-03-16 14:46,45.866
2014-03-16 14:51,45.324
2014-03-16 14:56,49.578
2014-03-16 15:01,43.512
2014-03-16 15:06,43.96
2014-03-16 15:11,48.356
2014-03-16 15:16,46.594
2014-03-16 15:21,43.04
2014-03-16 15:26,45.384
2014-03-16 15:31,47.042
2014-03-16 15:36,44.296
2014-03-16 15:41,46.924
2014-03-16 15:46,46.808
2014-03-16 15:51,44.116
2014-03-16 15:56,49.272
2014-03-16 16:01,43.75
2014-03-16 16:06,48.014
2014-03-16 16:11,44.378
2014-03-16 16:16,45.54
2014-03-16 16:21,48.78
2014-03-16 16:26,42.464
2014-03-16 16:31,45.234
2014-03-16 16:36,43.908
2014-03-16 16:41,45.624
2014-03-16 16:46,45.352
2014-03-16 16:51,48.122
2014-03-16 16:56,46.292
2014-03-16 17:01,44.684
2014-03-16 17:06,44.694
2014-03-16 17:11,46.798
2014-03-16 17:16,45.51
2014-03-16 17:21,45.564
2014-03-16 17:26,47.176
2014-03-16 17:31,43.286
2014-03-16 17:36,49.282
2014-03-16 17:41,46.202
2014-03-16 17:46,44.604
2014-03-16 17:51,45.704
2014-03-16 17:56,49.624
2014-03-16 18:01,43.968
2014-03-16 18:06,45.916
2014-03-16 18:11,47.3
2014-03-16 18:16,45.274
2014-03-16 18:21,46.76
2014-03-16 18:26,49.062
2014-03-16 18:31,40.846
2014-03-16 18:36,45.658
2014-03-16 18:41,45.68
2014-03-16 18:46,46.432
2014-03-16 18:51,46.478
2014-03-16 18:56,51.026
2014-03-16 19:01,42.5
2014-03-16 19:06,46.574
2014-03-16 19:11,50.14
2014-03-16 19:16,43.052
2014-03-16 19:21,45.564
2014-03-16 19:26,47.488
2014-03-16 19:31,46.884
2014-03-16 19:36,45.282
2014-03-16 19:41,47.042
2014-03-16 19:46,45.68
2014-03-16 19:51,45.774
2014-03-16 19:56,51.822
2014-03-16 20:01,43.98
2014-03-16 20:06,47.16
2014-03-16 20:11,46.174
2014-03-16 20:16,45.678
2014-03-16 20:21,45.258
2014-03-16 20:26,47.488
2014-03-16 20:31,43.564
2014-03-16 20:36,45.756
2014-03-16 20:41,49.32
2014-03-16 20:46,41.808
2014-03-16 20:51,45.668
2014-03-16 20:56,49.526
2014-03-16 21:01,44.208
2014-03-16 21:06,46.056
2014-03-16 21:11,47.324
2014-03-16 21:16,47.324
2014-03-16 21:21,44.53
2014-03-16 21:26,45.54
2014-03-16 21:31,48.592
2014-03-16 21:36,43.48
2014-03-16 21:41,45.822
2014-03-16 21:46,45.822
2014-03-16 21:51,47.536
2014-03-16 21:56,46.596
2014-03-16 22:01,47.982
2014-03-16 22:06,42.798
2014-03-16 22:11,47.63
2014-03-16 22:16,48.286
2014-03-16 22:21,43.008
2014-03-16 22:26,47.066
2014-03-16 22:31,46.648
2014-03-16 22:36,43.718
2014-03-16 22:41,45.376
2014-03-16 22:46,45.61
2014-03-16 22:51,45.634
2014-03-16 22:56,47.778
2014-03-16 23:01,47.276
2014-03-16 23:06,45.294
2014-03-16 23:11,47.682
2014-03-16 23:16,43.66
2014-03-16 23:21,45.916
2014-03-16 23:26,46.01
2014-03-16 23:31,47.254
2014-03-16 23:36,44.574
2014-03-16 23:41,48.592
2014-03-16 23:46,44.578
2014-03-16 23:51,45.982
2014-03-16 23:56,50.446
2014-03-17 0:01,45.56
2014-03-17 0:06,44.248
2014-03-17 0:11,46.972
2014-03-17 0:16,46.784
2014-03-17 0:21,44.108
2014-03-17 0:26,45.67
2014-03-17 0:31,47.35
2014-03-17 0:36,43.386
2014-03-17 0:41,45.764
2014-03-17 0:46,47.276
2014-03-17 0:51,44.228
2014-03-17 0:56,47.442
2014-03-17 1:01,45.902
2014-03-17 1:06,44.138
2014-03-17 1:11,47.394
2014-03-17 1:16,45.846
2014-03-17 1:21,45.868
2014-03-17 1:26,45.634
2014-03-17 1:31,51.878
2014-03-17 1:36,40.586
2014-03-17 1:41,46.784
2014-03-17 1:46,45.388
2014-03-17 1:51,46.034
2014-03-17 1:56,47.116
2014-03-17 2:01,49.672
2014-03-17 2:06,43.472
2014-03-17 2:11,48.708
2014-03-17 2:16,44.014
2014-03-17 2:21,46.83
2014-03-17 2:26,44.108
2014-03-17 2:31,45.846
2014-03-17 2:36,47.192
2014-03-17 2:41,43.662
2014-03-17 2:46,47.112
2014-03-17 2:51,44.268
2014-03-17 2:56,47.994
2014-03-17 3:01,45.61
2014-03-17 3:06,45.504
2014-03-17 3:11,50.75
2014-03-17 3:16,40.846
2014-03-17 3:21,47.418
2014-03-17 3:26,44.248
2014-03-17 3:31,46.55
2014-03-17 3:36,44.658
2014-03-17 3:41,48.108
2014-03-17 3:46,43.45
2014-03-17 3:51,45.68
2014-03-17 3:56,50.164
2014-03-17 4:01,44.294
2014-03-17 4:06,44.248
2014-03-17 4:11,47.16
2014-03-17 4:16,47.3
2014-03-17 4:21,43.718
2014-03-17 4:26,45.66
2014-03-17 4:31,44.974
2014-03-17 4:36,44.718
2014-03-17 4:41,46.254
2014-03-17 4:46,44.252
2014-03-17 4:51,43.334
2014-03-17 4:56,46.558
2014-03-17 5:01,43.588
2014-03-17 5:06,44.944
2014-03-17 5:11,48.166
2014-03-17 5:16,45.508
2014-03-17 5:21,41.948
2014-03-17 5:26,46.818
2014-03-17 5:31,41.738
2014-03-17 5:36,45.704
2014-03-17 5:41,45.118
2014-03-17 5:46,48.45
2014-03-17 5:51,42.428
2014-03-17 5:56,47.09
2014-03-17 6:01,45.282
2014-03-17 6:06,43.428
2014-03-17 6:11,49.038
2014-03-17 6:16,42.042
2014-03-17 6:21,46.532
2014-03-17 6:26,44.406
2014-03-17 6:31,43.522
2014-03-17 6:36,44.906
2014-03-17 6:41,45.046
2014-03-17 6:46,44.774
2014-03-17 6:51,44.776
2014-03-17 6:56,48.428
2014-03-17 7:01,43.428
2014-03-17 7:06,45.472
2014-03-17 7:11,45.468
2014-03-17 7:16,45.07
2014-03-17 7:21,45.47
2014-03-17 7:26,47.394
2014-03-17 7:31,42.746
2014-03-17 7:36,45.554
2014-03-17 7:41,45.976
2014-03-17 7:46,47.63
2014-03-17 7:51,42.268
2014-03-17 7:56,48.78
2014-03-17 8:01,43.568
2014-03-17 8:06,45.002
2014-03-17 8:11,46.426
2014-03-17 8:16,45.212
2014-03-17 8:21,46.104
2014-03-17 8:26,43.944
2014-03-17 8:31,49.724
2014-03-17 8:36,40.52
2014-03-17 8:41,44.93
2014-03-17 8:46,44.88
2014-03-17 8:51,44.484
2014-03-17 8:56,48.072
2014-03-17 9:01,45.212
2014-03-17 9:06,43.286
2014-03-17 9:11,46.49
2014-03-17 9:16,47.724
2014-03-17 9:21,42.112
2014-03-17 9:26,44.788
2014-03-17 9:31,48.122
2014-03-17 9:36,42.26
2014-03-17 9:41,45.646
2014-03-17 9:46,44.86
2014-03-17 9:51,44.942
2014-03-17 9:56,47.156
2014-03-17 10:01,49.93
2014-03-17 10:06,41.808
2014-03-17 10:11,45.352
2014-03-17 10:16,44.93
2014-03-17 10:21,44.93
2014-03-17 10:26,45.07
2014-03-17 10:31,46.986
2014-03-17 10:36,43.18
2014-03-17 10:41,45.554
2014-03-17 10:46,46.55
2014-03-17 10:51,45.446
2014-03-17 10:56,45.728
2014-03-17 11:01,45.046
2014-03-17 11:06,47.136
2014-03-17 11:11,45.212
2014-03-17 11:16,45.306
2014-03-17 11:21,46.502
2014-03-17 11:26,43.908
2014-03-17 11:31,45.504
2014-03-17 11:36,48.356
2014-03-17 11:41,45.68
2014-03-17 11:46,41.444
2014-03-17 11:51,46.106
2014-03-17 11:56,47.794
2014-03-17 12:01,46.924
2014-03-17 12:06,45.934
2014-03-17 12:11,45.728
2014-03-17 12:16,43.96
2014-03-17 12:21,45.188
2014-03-17 12:26,44.86
2014-03-17 12:31,47.13
2014-03-17 12:36,45.962
2014-03-17 12:41,41.446
2014-03-17 12:46,44.954
2014-03-17 12:51,45.112
2014-03-17 12:56,46.908
2014-03-17 13:01,45.146
2014-03-17 13:06,47.512
2014-03-17 13:11,46.22
2014-03-17 13:16,43.192
2014-03-17 13:21,45.846
2014-03-17 13:26,42.904
2014-03-17 13:31,44.366
2014-03-17 13:36,47.042
2014-03-17 13:41,43.896
2014-03-17 13:46,45.868
2014-03-17 13:51,43.334
2014-03-17 13:56,46.198
2014-03-17 14:01,44.578
2014-03-17 14:06,47.324
2014-03-17 14:11,45.164
2014-03-17 14:16,42.75
2014-03-17 14:21,44.226
2014-03-17 14:26,45.962
2014-03-17 14:31,43.24
2014-03-17 14:36,44.53
2014-03-17 14:41,44.262
2014-03-17 14:46,46.452
2014-03-17 14:51,45.012
2014-03-17 14:56,43.472
2014-03-17 15:01,45.998
2014-03-17 15:06,43.38
2014-03-17 15:11,46.776
2014-03-17 15:16,44.766
2014-03-17 15:21,47.194
2014-03-17 15:26,43.534
2014-03-17 15:31,45.372
2014-03-17 15:36,49.108
2014-03-17 15:41,42.77
2014-03-17 15:46,44.928
2014-03-17 15:51,46.924
2014-03-17 15:56,44.718
2014-03-17 16:01,45.328
2014-03-17 16:06,45.416
2014-03-17 16:11,47.794
2014-03-17 16:16,43.286
2014-03-17 16:21,49.132
2014-03-17 16:26,39.712
2014-03-17 16:31,44.53
2014-03-17 16:36,44.906
2014-03-17 16:41,44.508
2014-03-17 16:46,44.516
2014-03-17 16:51,47.488
2014-03-17 16:56,42.91
2014-03-17 17:01,44.32
2014-03-17 17:06,47.096
2014-03-17 17:11,43.638
2014-03-17 17:16,44.624
2014-03-17 17:21,46.644
2014-03-17 17:26,44.366
2014-03-17 17:31,46.422
2014-03-17 17:36,44.264
2014-03-17 17:41,45.798
2014-03-17 17:46,46.478
2014-03-17 17:51,45.54
2014-03-17 17:56,43.808
2014-03-17 18:01,44.906
2014-03-17 18:06,46.08
2014-03-17 18:11,45.47
2014-03-17 18:16,46.418
2014-03-17 18:21,42.77
2014-03-17 18:26,44.882
2014-03-17 18:31,44.508
2014-03-17 18:36,47.37
2014-03-17 18:41,43.286
2014-03-17 18:46,43.38
2014-03-17 18:51,46.362
2014-03-17 18:56,44.6
2014-03-17 19:01,44.624
2014-03-17 19:06,44.46
2014-03-17 19:11,46.522
2014-03-17 19:16,45.118
2014-03-17 19:21,48.052
2014-03-17 19:26,43.15
2014-03-17 19:31,45.29
2014-03-17 19:36,47.7
2014-03-17 19:41,47.018
2014-03-17 19:46,47.184
2014-03-17 19:51,49.174
2014-03-17 19:56,47.046
2014-03-17 20:01,43.31
2014-03-17 20:06,47.242
2014-03-17 20:11,43.874
2014-03-17 20:16,44.436
2014-03-17 20:21,44.39
2014-03-17 20:26,46.314
2014-03-17 20:31,44.084
2014-03-17 20:36,43.262
2014-03-17 20:41,44.24
2014-03-17 20:46,44.576
2014-03-17 20:51,44.414
2014-03-17 20:56,48.826
2014-03-17 21:01,43.25
2014-03-17 21:06,43.772
2014-03-17 21:11,45.094
2014-03-17 21:16,44.812
2014-03-17 21:21,44.976
2014-03-17 21:26,44.25
2014-03-17 21:31,44.32
2014-03-17 21:36,47.042
2014-03-17 21:41,43.78
2014-03-17 21:46,46.596
2014-03-17 21:51,44.612
2014-03-17 21:56,46.032
2014-03-17 22:01,44.812
2014-03-17 22:06,46.362
2014-03-17 22:11,44.202
2014-03-17 22:16,44.342
2014-03-17 22:21,44.32
2014-03-17 22:26,45.564
2014-03-17 22:31,43.334
2014-03-17 22:36,49.436
2014-03-17 22:41,40.234
2014-03-17 22:46,44.108
2014-03-17 22:51,44.926
2014-03-17 22:56,45.926
2014-03-17 23:01,46.608
2014-03-17 23:06,48.638
2014-03-17 23:11,44.906
2014-03-17 23:16,44.578
2014-03-17 23:21,47.536
2014-03-17 23:26,42.16
2014-03-17 23:31,44.428
2014-03-17 23:36,48.544
2014-03-17 23:41,42.442
2014-03-17 23:46,44.578
2014-03-17 23:51,44.812
2014-03-17 23:56,46.292
2014-03-18 0:01,44.742
2014-03-18 0:06,46.08
2014-03-18 0:11,45.352
2014-03-18 0:16,43.42
2014-03-18 0:21,43.498
2014-03-18 0:26,44.39
2014-03-18 0:31,44.6
2014-03-18 0:36,47.314
2014-03-18 0:41,42.864
2014-03-18 0:46,44.556
2014-03-18 0:51,44.812
2014-03-18 0:56,47.91
2014-03-18 1:01,44.788
2014-03-18 1:06,42.512
2014-03-18 1:11,43.496
2014-03-18 1:16,45.516
2014-03-18 1:21,45.07
2014-03-18 1:26,44.436
2014-03-18 1:31,46.62
2014-03-18 1:36,46.878
2014-03-18 1:41,45.328
2014-03-18 1:46,44.802
2014-03-18 1:51,47.69
2014-03-18 1:56,41.996
2014-03-18 2:01,45.234
2014-03-18 2:06,44.648
2014-03-18 2:11,46.808
2014-03-18 2:16,42.79
2014-03-18 2:21,44.906
2014-03-18 2:26,44.742
2014-03-18 2:31,44.83
2014-03-18 2:36,46.76
2014-03-18 2:41,45.634
2014-03-18 2:46,41.884
2014-03-18 2:51,44.436
2014-03-18 2:56,45.118
2014-03-18 3:01,44.938
2014-03-18 3:06,45.094
2014-03-18 3:11,47.958
2014-03-18 3:16,43.356
2014-03-18 3:21,46.296
2014-03-18 3:26,46.126
2014-03-18 3:31,41.57
2014-03-18 3:36,45.516
2014-03-18 3:41,47.614
2014-03-18 3:46,43.014
2014-03-18 3:51,45.466
2014-03-18 3:56,46.338
2014-03-18 4:01,46.338
2014-03-18 4:06,43.45
2014-03-18 4:11,48.874
2014-03-18 4:16,44.202
2014-03-18 4:21,42.72
2014-03-18 4:26,43.24
2014-03-18 4:31,44.59
2014-03-18 4:36,46.872
2014-03-18 4:41,43.262
2014-03-18 4:46,48.802
2014-03-18 4:51,43.568
2014-03-18 4:56,46.784
2014-03-18 5:01,47.464
2014-03-18 5:06,42.184
2014-03-18 5:11,47.464
2014-03-18 5:16,45.446
2014-03-18 5:21,43.888
2014-03-18 5:26,45.328
2014-03-18 5:31,44.726
2014-03-18 5:36,45.32
2014-03-18 5:41,45.868
2014-03-18 5:46,51.104
2014-03-18 5:51,40.436
2014-03-18 5:56,46.99
2014-03-18 6:01,45.38
2014-03-18 6:06,45.68
2014-03-18 6:11,47.066
2014-03-18 6:16,44.906
2014-03-18 6:21,46.722
2014-03-18 6:26,44.042
2014-03-18 6:31,43.146
2014-03-18 6:36,43.624
2014-03-18 6:41,47.77
2014-03-18 6:46,44.718
2014-03-18 6:51,47.464
2014-03-18 6:56,45.674
2014-03-18 7:01,46.15
2014-03-18 7:06,44.108
2014-03-18 7:11,47.606
2014-03-18 7:16,45.19
2014-03-18 7:21,47.666
2014-03-18 7:26,45.352
2014-03-18 7:31,44.272
2014-03-18 7:36,48.032
2014-03-18 7:41,46.408
2014-03-18 7:46,45.376
2014-03-18 7:51,46.76
2014-03-18 7:56,44.914
2014-03-18 8:01,45.938
2014-03-18 8:06,45.822
2014-03-18 8:11,49.694
2014-03-18 8:16,43.79
2014-03-18 8:21,44.616
2014-03-18 8:26,46.292
2014-03-18 8:31,43.568
2014-03-18 8:36,44.326
2014-03-18 8:41,45.046
2014-03-18 8:46,46.836
2014-03-18 8:51,44.648
2014-03-18 8:56,50.574
2014-03-18 9:01,43.99
2014-03-18 9:06,43.522
2014-03-18 9:11,46.738
2014-03-18 9:16,44.556
2014-03-18 9:21,46.104
2014-03-18 9:26,43.028
2014-03-18 9:31,46.002
2014-03-18 9:36,43.998
2014-03-18 9:41,48.17
2014-03-18 9:46,42.442
2014-03-18 9:51,44.766
2014-03-18 9:56,46.85
2014-03-18 10:01,48.638
2014-03-18 10:06,42.206
2014-03-18 10:11,48.17
2014-03-18 10:16,46.01
2014-03-18 10:21,45.282
2014-03-18 10:26,44.6
2014-03-18 10:31,49.226
2014-03-18 10:36,45.306
2014-03-18 10:41,45.822
2014-03-18 10:46,45.07
2014-03-18 10:51,46.174
2014-03-18 10:56,47.84
2014-03-18 11:01,46.244
2014-03-18 11:06,49.53
2014-03-18 11:11,46.314
2014-03-18 11:16,50.994
2014-03-18 11:21,42.344
2014-03-18 11:26,46.362
2014-03-18 11:31,48.334
2014-03-18 11:36,45.328
2014-03-18 11:41,47.934
2014-03-18 11:46,46.502
2014-03-18 11:51,48.52
2014-03-18 11:56,47.106
2014-03-18 12:01,50.564
2014-03-18 12:06,42.794
2014-03-18 12:11,48.274
2014-03-18 12:16,46.714
2014-03-18 12:21,46.536
2014-03-18 12:26,46.512
2014-03-18 12:31,50.028
2014-03-18 12:36,43.12
2014-03-18 12:41,46.154
2014-03-18 12:46,46.292
2014-03-18 12:51,48.92
2014-03-18 12:56,45.52
2014-03-18 13:01,46.684
2014-03-18 13:06,48.592
2014-03-18 13:11,46.268
2014-03-18 13:16,47.898
2014-03-18 13:21,45.57
2014-03-18 13:26,47.04
2014-03-18 13:31,48.616
2014-03-18 13:36,45.514
2014-03-18 13:41,50.916
2014-03-18 13:46,42.018
2014-03-18 13:51,46.174
2014-03-18 13:56,45.396
2014-03-18 14:01,47.522
2014-03-18 14:06,43.052
2014-03-18 14:11,46.592
2014-03-18 14:16,45.082
2014-03-18 14:21,49.944
2014-03-18 14:26,42.054
2014-03-18 14:31,48.004
2014-03-18 14:36,43.604
2014-03-18 14:41,45.794
2014-03-18 14:46,45.422
2014-03-18 14:51,45.446
2014-03-18 14:56,47.276
2014-03-18 15:01,48.732
2014-03-18 15:06,41.666
2014-03-18 15:11,50.064
2014-03-18 15:16,42.3
2014-03-18 15:21,44.792
2014-03-18 15:26,45
2014-03-18 15:31,45.892
2014-03-18 15:36,48.076
2014-03-18 15:41,44.154
2014-03-18 15:46,46.292
2014-03-18 15:51,43.944
2014-03-18 15:56,46.996
2014-03-18 16:01,48.104
2014-03-18 16:06,45.782
2014-03-18 16:11,46.292
2014-03-18 16:16,46.044
2014-03-18 16:21,45.414
2014-03-18 16:26,45.644
2014-03-18 16:31,45.352
2014-03-18 16:36,42.604
2014-03-18 16:41,44.814
2014-03-18 16:46,47.63
2014-03-18 16:51,41.956
2014-03-18 16:56,46.338
2014-03-18 17:01,46.668
2014-03-18 17:06,45.564
2014-03-18 17:11,44.718
2014-03-18 17:16,44.882
2014-03-18 17:21,45.352
2014-03-18 17:26,44.9
2014-03-18 17:31,47.274
2014-03-18 17:36,46.816
2014-03-18 17:41,45.868
2014-03-18 17:46,44.86
2014-03-18 17:51,44.976
2014-03-18 17:56,46.304
2014-03-18 18:01,46.502
2014-03-18 18:06,43.602
2014-03-18 18:11,46.88
2014-03-18 18:16,45.586
2014-03-18 18:21,47.888
2014-03-18 18:26,42.464
2014-03-18 18:31,46.556
2014-03-18 18:36,42.724
2014-03-18 18:41,44.6
2014-03-18 18:46,44.578
2014-03-18 18:51,44.6
2014-03-18 18:56,46.15
2014-03-18 19:01,48.31
2014-03-18 19:06,44.132
2014-03-18 19:11,43.404
2014-03-18 19:16,44.648
2014-03-18 19:21,45.128
2014-03-18 19:26,45.846
2014-03-18 19:31,47.488
2014-03-18 19:36,43.732
2014-03-18 19:41,48.312
2014-03-18 19:46,44.366
2014-03-18 19:51,48.638
2014-03-18 19:56,44.89
2014-03-18 20:01,47.724
2014-03-18 20:06,43.78
2014-03-18 20:11,47.606
2014-03-18 20:16,46.362
2014-03-18 20:21,43.568
2014-03-18 20:26,44.392
2014-03-18 20:31,46.55
2014-03-18 20:36,42.746
2014-03-18 20:41,49.014
2014-03-18 20:46,43.944
2014-03-18 20:51,45.188
2014-03-18 20:56,46.74
2014-03-18 21:01,47.57
2014-03-18 21:06,41.892
2014-03-18 21:11,49.98
2014-03-18 21:16,45.786
2014-03-18 21:21,45.412
2014-03-18 21:26,45.8
2014-03-18 21:31,44.972
2014-03-18 21:36,47.994
2014-03-18 21:41,44.32
2014-03-18 21:46,43.04
2014-03-18 21:51,44.882
2014-03-18 21:56,46.526
2014-03-18 22:01,44.976
2014-03-18 22:06,46.854
2014-03-18 22:11,44.742
2014-03-18 22:16,45.892
2014-03-18 22:21,54.508
2014-03-18 22:26,43.708
2014-03-18 22:31,44.788
2014-03-18 22:36,65.68
2014-03-18 22:41,99.248
2014-03-18 22:46,53.568
2014-03-18 22:51,47.114
2014-03-18 22:56,47.794
2014-03-18 23:01,43.45
2014-03-18 23:06,45.576
2014-03-18 23:11,50.422
2014-03-18 23:16,41.644
2014-03-18 23:21,45.328
2014-03-18 23:26,45.086
2014-03-18 23:31,46.384
2014-03-18 23:36,45.148
2014-03-18 23:41,46.478
2014-03-18 23:46,46.714
2014-03-18 23:51,43.436
2014-03-18 23:56,47.206
2014-03-19 0:01,47.808
2014-03-19 0:06,42.482
2014-03-19 0:11,50.212
2014-03-19 0:16,41.596
2014-03-19 0:21,44.718
2014-03-19 0:26,44.97
2014-03-19 0:31,45.102
2014-03-19 0:36,44.44
2014-03-19 0:41,46.338
2014-03-19 0:46,47.782
2014-03-19 0:51,40.178
2014-03-19 0:56,46.268
2014-03-19 1:01,45.094
2014-03-19 1:06,44.848
2014-03-19 1:11,46.984
2014-03-19 1:16,46.56
2014-03-19 1:21,44.38
2014-03-19 1:26,44.08
2014-03-19 1:31,47.296
2014-03-19 1:36,42.746
2014-03-19 1:41,44.352
2014-03-19 1:46,46.644
2014-03-19 1:51,43.262
2014-03-19 1:56,48.464
2014-03-19 2:01,43.302
2014-03-19 2:06,44.936
2014-03-19 2:11,46.41
2014-03-19 2:16,45.388
2014-03-19 2:21,46.314
2014-03-19 2:26,42.652
2014-03-19 2:31,45.774
2014-03-19 2:36,43.53
2014-03-19 2:41,44.736
2014-03-19 2:46,45.864
2014-03-19 2:51,45.118
2014-03-19 2:56,44.788
2014-03-19 3:01,44.86
2014-03-19 3:06,46.252
2014-03-19 3:11,48.076
2014-03-19 3:16,45.446
2014-03-19 3:21,46.854
2014-03-19 3:26,42.888
2014-03-19 3:31,44.976
2014-03-19 3:36,45.492
2014-03-19 3:41,44.672
2014-03-19 3:46,46.15
2014-03-19 3:51,46.392
2014-03-19 3:56,44.038
2014-03-19 4:01,45.188
2014-03-19 4:06,45
2014-03-19 4:11,46.592
2014-03-19 4:16,44.92
2014-03-19 4:21,48.028
2014-03-19 4:26,41.492
2014-03-19 4:31,44.752
2014-03-19 4:36,47.35
2014-03-19 4:41,41.786
2014-03-19 4:46,44.672
2014-03-19 4:51,46.78
2014-03-19 4:56,44.836
2014-03-19 5:01,46.228
2014-03-19 5:06,43.29
2014-03-19 5:11,46.146
2014-03-19 5:16,46.76
2014-03-19 5:21,41.808
2014-03-19 5:26,45.752
2014-03-19 5:31,43.92
2014-03-19 5:36,45.976
2014-03-19 5:41,49.274
2014-03-19 5:46,41.762
2014-03-19 5:51,45.272
2014-03-19 5:56,46.862
2014-03-19 6:01,45.242
2014-03-19 6:06,45.282
2014-03-19 6:11,49.272
2014-03-19 6:16,44.32
2014-03-19 6:21,44.554
2014-03-19 6:26,43.472
2014-03-19 6:31,44.826
2014-03-19 6:36,45.094
2014-03-19 6:41,45.14
2014-03-19 6:46,44.624
2014-03-19 6:51,44.482
2014-03-19 6:56,51.074
2014-03-19 7:01,41.456
2014-03-19 7:06,43.522
2014-03-19 7:11,46.152
2014-03-19 7:16,44.648
2014-03-19 7:21,44.698
2014-03-19 7:26,46.478
2014-03-19 7:31,42.854
2014-03-19 7:36,47.084
2014-03-19 7:41,47.348
2014-03-19 7:46,41.874
2014-03-19 7:51,44.624
2014-03-19 7:56,46.408
2014-03-19 8:01,46.714
2014-03-19 8:06,42.816
2014-03-19 8:11,47.324
2014-03-19 8:16,43.172
2014-03-19 8:21,46.104
2014-03-19 8:26,43.428
2014-03-19 8:31,46.268
2014-03-19 8:36,42.746
2014-03-19 8:41,44.672
2014-03-19 8:46,45.732
2014-03-19 8:51,43.356
2014-03-19 8:56,46.408
2014-03-19 9:01,44.69
2014-03-19 9:06,47.122
2014-03-19 9:11,47.064
2014-03-19 9:16,43.004
2014-03-19 9:21,44.802
2014-03-19 9:26,45.904
2014-03-19 9:31,43.334
2014-03-19 9:36,47.394
2014-03-19 9:41,44.058
2014-03-19 9:46,44.6
2014-03-19 9:51,44.788
2014-03-19 9:56,47.464
2014-03-19 10:01,44.928
2014-03-19 10:06,45.446
2014-03-19 10:11,44.436
2014-03-19 10:16,44.662
2014-03-19 10:21,44.732
2014-03-19 10:26,44.832
2014-03-19 10:31,44.62
2014-03-19 10:36,46.55
2014-03-19 10:41,46.784
2014-03-19 10:46,40.586
2014-03-19 10:51,45.202
2014-03-19 10:56,47.398
2014-03-19 11:01,45.07
2014-03-19 11:06,45.796
2014-03-19 11:11,50.166
2014-03-19 11:16,44.022
2014-03-19 11:21,47.066
2014-03-19 11:26,44.158
2014-03-19 11:31,46.198
2014-03-19 11:36,46.072
2014-03-19 11:41,47.512
2014-03-19 11:46,46.902
2014-03-19 11:51,43.456
2014-03-19 11:56,47.08
2014-03-19 12:01,46.316
2014-03-19 12:06,43.592
2014-03-19 12:11,45.984
2014-03-19 12:16,46.784
2014-03-19 12:21,42.488
2014-03-19 12:26,44.506
2014-03-19 12:31,44.93
2014-03-19 12:36,46.032
2014-03-19 12:41,42.982
2014-03-19 12:46,46.384
2014-03-19 12:51,43.17
2014-03-19 12:56,46.02
2014-03-19 13:01,48.216
2014-03-19 13:06,42.51
2014-03-19 13:11,47.476
2014-03-19 13:16,43.434
2014-03-19 13:21,45.038
2014-03-19 13:26,46.81
2014-03-19 13:31,43.16
2014-03-19 13:36,45.112
2014-03-19 13:41,45.938
2014-03-19 13:46,48.616
2014-03-19 13:51,40.81
2014-03-19 13:56,46.568
2014-03-19 14:01,46.738
2014-03-19 14:06,43.004
2014-03-19 14:11,46.55
2014-03-19 14:16,45.188
2014-03-19 14:21,44.52
2014-03-19 14:26,46.564
2014-03-19 14:31,45.504
2014-03-19 14:36,45.926
2014-03-19 14:41,43.346
2014-03-19 14:46,45.928
2014-03-19 14:51,46.15
2014-03-19 14:56,49.624
2014-03-19 15:01,44.624
2014-03-19 15:06,44.718
2014-03-19 15:11,47.888
2014-03-19 15:16,45.376
2014-03-19 15:21,45.704
2014-03-19 15:26,49.366
2014-03-19 15:31,40.062
2014-03-19 15:36,45.332
2014-03-19 15:41,47.276
2014-03-19 15:46,43.58
2014-03-19 15:51,44.742
2014-03-19 15:56,48.428
2014-03-19 16:01,43.004
2014-03-19 16:06,45
2014-03-19 16:11,46.384
2014-03-19 16:16,47.094
2014-03-19 16:21,42.196
2014-03-19 16:26,48.692
2014-03-19 16:31,41.62
2014-03-19 16:36,44.906
2014-03-19 16:41,45.4
2014-03-19 16:46,46.69
2014-03-19 16:51,46.006
2014-03-19 16:56,48.756
2014-03-19 17:01,44.226
2014-03-19 17:06,45.07
2014-03-19 17:11,44.718
2014-03-19 17:16,44.624
2014-03-19 17:21,45.47
2014-03-19 17:26,46.666
2014-03-19 17:31,42.982
2014-03-19 17:36,46.948
2014-03-19 17:41,44.694
2014-03-19 17:46,44.672
2014-03-19 17:51,45.024
2014-03-19 17:56,48.31
2014-03-19 18:01,43.112
2014-03-19 18:06,45.164
2014-03-19 18:11,47.846
2014-03-19 18:16,44.414
2014-03-19 18:21,46.76
2014-03-19 18:26,48.826
2014-03-19 18:31,43.206
2014-03-19 18:36,45.432
2014-03-19 18:41,44.914
2014-03-19 18:46,44.99
2014-03-19 18:51,45.868
2014-03-19 18:56,45.4
2014-03-19 19:01,46.716
2014-03-19 19:06,42.958
2014-03-19 19:11,46.632
2014-03-19 19:16,45.246
2014-03-19 19:21,45.046
2014-03-19 19:26,50.552
2014-03-19 19:31,43.568
2014-03-19 19:36,45.798
2014-03-19 19:41,46.478
2014-03-19 19:46,44.6
2014-03-19 19:51,44.966
2014-03-19 19:56,46.854
2014-03-19 20:01,48.568
2014-03-19 20:06,42.206
2014-03-19 20:11,46.292
2014-03-19 20:16,47.536
2014-03-19 20:21,42.306
2014-03-19 20:26,44.906
2014-03-19 20:31,47.146
2014-03-19 20:36,44.272
2014-03-19 20:41,43.476
2014-03-19 20:46,45.234
2014-03-19 20:51,44.524
2014-03-19 20:56,46.58
2014-03-19 21:01,46.902
2014-03-19 21:06,44.508
2014-03-19 21:11,47.118
2014-03-19 21:16,43.802
2014-03-19 21:21,45.586
2014-03-19 21:26,47.348
2014-03-19 21:31,46.312
2014-03-19 21:36,49.896
2014-03-19 21:41,45.752
2014-03-19 21:46,48.06
2014-03-19 21:51,47.762
2014-03-19 21:56,45.37
2014-03-19 22:01,45.694
2014-03-19 22:06,47.23
2014-03-19 22:11,44.508
2014-03-19 22:16,44.578
2014-03-19 22:21,44.892
2014-03-19 22:26,44.718
2014-03-19 22:31,45.328
2014-03-19 22:36,45.852
2014-03-19 22:41,42.018
2014-03-19 22:46,44.484
2014-03-19 22:51,45.04
2014-03-19 22:56,46.69
2014-03-19 23:01,45.118
2014-03-19 23:06,48.334
2014-03-19 23:11,42.974
2014-03-19 23:16,44.732
2014-03-19 23:21,47.878
2014-03-19 23:26,42.112
2014-03-19 23:31,44.718
2014-03-19 23:36,47.512
2014-03-19 23:41,45.07
2014-03-19 23:46,48.2
2014-03-19 23:51,45.18
2014-03-19 23:56,48.74
2014-03-20 0:01,48.8
2014-03-20 0:06,46.884
2014-03-20 0:11,43.576
2014-03-20 0:16,45.242
2014-03-20 0:21,46.142
2014-03-20 0:26,43.614
2014-03-20 0:31,46.76
2014-03-20 0:36,42.452
2014-03-20 0:41,44.788
2014-03-20 0:46,44.788
2014-03-20 0:51,47.464
2014-03-20 0:56,44.174
2014-03-20 1:01,48.122
2014-03-20 1:06,41.878
2014-03-20 1:11,46.478
2014-03-20 1:16,44.568
2014-03-20 1:21,45.054
2014-03-20 1:26,44.64
2014-03-20 1:31,46.456
2014-03-20 1:36,44.836
2014-03-20 1:41,46.902
2014-03-20 1:46,42.042
2014-03-20 1:51,44.766
2014-03-20 1:56,46.632
2014-03-20 2:01,44.976
2014-03-20 2:06,46.714
2014-03-20 2:11,46.188
2014-03-20 2:16,43.544
2014-03-20 2:21,44.722
2014-03-20 2:26,44.742
2014-03-20 2:31,47.394
2014-03-20 2:36,43.92
2014-03-20 2:41,42.724
2014-03-20 2:46,45.948
2014-03-20 2:51,43.292
2014-03-20 2:56,46.596
2014-03-20 3:01,44.694
2014-03-20 3:06,49.122
2014-03-20 3:11,44.32
2014-03-20 3:16,47.524
2014-03-20 3:21,43.23
2014-03-20 3:26,43.38
2014-03-20 3:31,45.118
2014-03-20 3:36,47.632
2014-03-20 3:41,43.92
2014-03-20 3:46,45.254
2014-03-20 3:51,44.906
2014-03-20 3:56,46.478
2014-03-20 4:01,46.97
2014-03-20 4:06,44.272
2014-03-20 4:11,44.508
2014-03-20 4:16,44.648
2014-03-20 4:21,44.648
2014-03-20 4:26,44.86
2014-03-20 4:31,46.456
2014-03-20 4:36,44.202
2014-03-20 4:41,43.538
2014-03-20 4:46,46.01
2014-03-20 4:51,44.546
2014-03-20 4:56,45.164
2014-03-20 5:01,46.738
2014-03-20 5:06,42.982
2014-03-20 5:11,47.84
2014-03-20 5:16,43.582
2014-03-20 5:21,45.344
2014-03-20 5:26,44.578
2014-03-20 5:31,47.97
2014-03-20 5:36,41.854
2014-03-20 5:41,46.62
2014-03-20 5:46,45.192
2014-03-20 5:51,43.474
2014-03-20 5:56,46.408
2014-03-20 6:01,46.808
2014-03-20 6:06,43.052
2014-03-20 6:11,46.126
2014-03-20 6:16,45.892
2014-03-20 6:21,44.554
2014-03-20 6:26,46.442
2014-03-20 6:31,41.502
2014-03-20 6:36,44.694
2014-03-20 6:41,43.544
2014-03-20 6:46,44.836
2014-03-20 6:51,46.46
2014-03-20 6:56,44.788
2014-03-20 7:01,47.512
2014-03-20 7:06,42.16
2014-03-20 7:11,46.83
2014-03-20 7:16,44.39
2014-03-20 7:21,46.924
2014-03-20 7:26,42.794
2014-03-20 7:31,44.546
2014-03-20 7:36,47.066
2014-03-20 7:41,44.752
2014-03-20 7:46,45.234
2014-03-20 7:51,46.362
2014-03-20 7:56,45.024
2014-03-20 8:01,44.93
2014-03-20 8:06,44.93
2014-03-20 8:11,47.63
2014-03-20 8:16,41.738
2014-03-20 8:21,44.742
2014-03-20 8:26,46.68
2014-03-20 8:31,42.794
2014-03-20 8:36,45.704
2014-03-20 8:41,43.746
2014-03-20 8:46,46.79
2014-03-20 8:51,42.642
2014-03-20 8:56,48.596
2014-03-20 9:01,42.816
2014-03-20 9:06,44.46
2014-03-20 9:11,46.124
2014-03-20 9:16,44.728
2014-03-20 9:21,47.606
2014-03-20 9:26,43.756
2014-03-20 9:31,44.014
2014-03-20 9:36,43.944
2014-03-20 9:41,45.774
2014-03-20 9:46,44.624
2014-03-20 9:51,44.436
2014-03-20 9:56,48.192
2014-03-20 10:01,44.288
2014-03-20 10:06,45.388
2014-03-20 10:11,45.07
2014-03-20 10:16,44.788
2014-03-20 10:21,47.534
2014-03-20 10:26,41.902
2014-03-20 10:31,44.648
2014-03-20 10:36,46.056
2014-03-20 10:41,43.182
2014-03-20 10:46,44.98
2014-03-20 10:51,44.882
2014-03-20 10:56,47.904
2014-03-20 11:01,43.292
2014-03-20 11:06,46.198
2014-03-20 11:11,45.024
2014-03-20 11:16,46.244
2014-03-20 11:21,43.498
2014-03-20 11:26,46.746
2014-03-20 11:31,44.202
2014-03-20 11:36,44.044
2014-03-20 11:41,45.846
2014-03-20 11:46,43.086
2014-03-20 11:51,46.338
2014-03-20 11:56,46.572
2014-03-20 12:01,45.46
2014-03-20 12:06,42.754
2014-03-20 12:11,46.15
2014-03-20 12:16,45.874
2014-03-20 12:21,43.522
2014-03-20 12:26,46.62
2014-03-20 12:31,44.226
2014-03-20 12:36,44.694
2014-03-20 12:41,43.474
2014-03-20 12:46,44.578
2014-03-20 12:51,44.648
2014-03-20 12:56,48.522
2014-03-20 13:01,44.554
2014-03-20 13:06,42.316
2014-03-20 13:11,47.7
2014-03-20 13:16,43.286
2014-03-20 13:21,44.906
2014-03-20 13:26,45.846
2014-03-20 13:31,45.188
2014-03-20 13:36,43.45
2014-03-20 13:41,45.998
2014-03-20 13:46,47.184
2014-03-20 13:51,42.16
2014-03-20 13:56,46.502
2014-03-20 14:01,46.65
2014-03-20 14:06,42.91
2014-03-20 14:11,46.408
2014-03-20 14:16,46.104
2014-03-20 14:21,44.936
2014-03-20 14:26,43.742
2014-03-20 14:31,47.478
2014-03-20 14:36,41.314
2014-03-20 14:41,44.484
2014-03-20 14:46,44.826
2014-03-20 14:51,44.886
2014-03-20 14:56,46.62
2014-03-20 15:01,50
2014-03-20 15:06,40.47
2014-03-20 15:11,46.102
2014-03-20 15:16,43.286
2014-03-20 15:21,45.118
2014-03-20 15:26,44.296
2014-03-20 15:31,46.432
2014-03-20 15:36,43.544
2014-03-20 15:41,47.136
2014-03-20 15:46,43.324
2014-03-20 15:51,45.986
2014-03-20 15:56,45.516
2014-03-20 16:01,46.972
2014-03-20 16:06,44.32
2014-03-20 16:11,45.164
2014-03-20 16:16,45.07
2014-03-20 16:21,46.08
2014-03-20 16:26,43.734
2014-03-20 16:31,46.784
2014-03-20 16:36,44.168
2014-03-20 16:41,43.606
2014-03-20 16:46,44.624
2014-03-20 16:51,45.752
2014-03-20 16:56,45.046
2014-03-20 17:01,48.192
2014-03-20 17:06,41.738
2014-03-20 17:11,46.234
2014-03-20 17:16,44.97
2014-03-20 17:21,45.094
2014-03-20 17:26,44.944
2014-03-20 17:31,46.362
2014-03-20 17:36,45.962
2014-03-20 17:41,45.328
2014-03-20 17:46,45.694
2014-03-20 17:51,43.65
2014-03-20 17:56,46.65
2014-03-20 18:01,45.258
2014-03-20 18:06,47.06
2014-03-20 18:11,44.554
2014-03-20 18:16,46.478
2014-03-20 18:21,43.364
2014-03-20 18:26,47.91
2014-03-20 18:31,43.444
2014-03-20 18:36,47.09
2014-03-20 18:41,43.004
2014-03-20 18:46,45.118
2014-03-20 18:51,44.906
2014-03-20 18:56,46.898
2014-03-20 19:01,48.332
2014-03-20 19:06,44.53
2014-03-20 19:11,46.032
2014-03-20 19:16,43.61
2014-03-20 19:21,45.306
2014-03-20 19:26,45.282
2014-03-20 19:31,44.708
2014-03-20 19:36,49.082
2014-03-20 19:41,42.77
2014-03-20 19:46,46.62
2014-03-20 19:51,43.544
2014-03-20 19:56,48.374
2014-03-20 20:01,43.802
2014-03-20 20:06,46.924
2014-03-20 20:11,44.474
2014-03-20 20:16,46.576
2014-03-20 20:21,43.45
2014-03-20 20:26,45.188
2014-03-20 20:31,45.07
2014-03-20 20:36,46.76
2014-03-20 20:41,43.018
2014-03-20 20:46,46.504
2014-03-20 20:51,44.986
2014-03-20 20:56,45.36
2014-03-20 21:01,44.954
2014-03-20 21:06,47.288
2014-03-20 21:11,44.356
2014-03-20 21:16,45.4
2014-03-20 21:21,46.22
2014-03-20 21:26,45.456
2014-03-20 21:31,44.342
2014-03-20 21:36,46.69
2014-03-20 21:41,44.062
2014-03-20 21:46,45.54
2014-03-20 21:51,45.524
2014-03-20 21:56,46.816
2014-03-20 22:01,46.676
2014-03-20 22:06,46.244
2014-03-20 22:11,44.062
2014-03-20 22:16,46.314
2014-03-20 22:21,43.616
2014-03-20 22:26,45.128
2014-03-20 22:31,44.718
2014-03-20 22:36,46.948
2014-03-20 22:41,43.942
2014-03-20 22:46,43.544
2014-03-20 22:51,44.93
2014-03-20 22:56,47.91
2014-03-20 23:01,44.062
2014-03-20 23:06,47.848
2014-03-20 23:11,43.688
2014-03-20 23:16,46.61
2014-03-20 23:21,44.838
2014-03-20 23:26,53.732
2014-03-20 23:31,45.07
2014-03-20 23:36,45.646
2014-03-20 23:41,48.214
2014-03-20 23:46,43.48
2014-03-20 23:51,44.64
2014-03-20 23:56,49.902
2014-03-21 0:01,42.266
2014-03-21 0:06,45.154
2014-03-21 0:11,48.556
2014-03-21 0:16,43.192
2014-03-21 0:21,44.546
2014-03-21 0:26,45.184
2014-03-21 0:31,46.268
2014-03-21 0:36,45.226
2014-03-21 0:41,44.366
2014-03-21 0:46,43.592
2014-03-21 0:51,44.812
2014-03-21 0:56,46.878
2014-03-21 1:01,45.07
2014-03-21 1:06,46.644
2014-03-21 1:11,47.84
2014-03-21 1:16,47.254
2014-03-21 1:21,44.226
2014-03-21 1:26,43.592
2014-03-21 1:31,45.526
2014-03-21 1:36,44.998
2014-03-21 1:41,47.276
2014-03-21 1:46,43.756
2014-03-21 1:51,46.836
2014-03-21 1:56,45.138
2014-03-21 2:01,44.906
2014-03-21 2:06,46.658
2014-03-21 2:11,43.732
2014-03-21 2:16,47.3
2014-03-21 2:21,44.198
2014-03-21 2:26,43.31
2014-03-21 2:31,44.75
2014-03-21 2:36,45.14
2014-03-21 2:41,44.558
2014-03-21 2:46,43.774
2014-03-21 2:51,46.292
2014-03-21 2:56,46.948
2014-03-21 3:01,25.422
2014-03-21 3:06,57.958
2014-03-21 3:11,28.052
2014-03-21 3:16,56.572
2014-03-21 3:21,25.352
2014-03-21 3:26,38.216
2014-03-21 3:31,22.864
2014-03-21 3:36,66.26
2014-03-21 3:41,30.962
